source,anchor,operative_outcome,recommended_destination,required_superior_delegation,duplicated_safeguards_cross_reference_risks,preservation_scenarios,destination_code
draft/rules_draft.md,제1조(목적),"본회는 컴퓨터에 관한 교육·연구, 회원의 학술·취미 활동과 교류를 목적으로 한다.",Compact bylaws (superior rule),None; preserve in member-adopted bylaws.,Do not duplicate operative wording below; lower instruments should cross-reference and implement only.,"ordinary operation; preserve actor, trigger, threshold, record and outcome",BYL
draft/rules_draft.md,제2조(정의) ①,"“본회”란 서울대학교 중앙컴퓨터연구회 SCSC를 말하고, “SCSC”란 본회를 가리키는 영문 약칭을 말한다.",Compact bylaws (superior rule),None; preserve in member-adopted bylaws.,Do not duplicate operative wording below; lower instruments should cross-reference and implement only.,"ordinary operation; preserve actor, trigger, threshold, record and outcome",BYL
draft/rules_draft.md,제2조(정의) ②,"“재적회원”이란 해당 학기 등록을 마친 사람을 말하고, 이 회칙에서 “회원”이란 재적회원을 말한다.",Compact bylaws (superior rule),None; preserve in member-adopted bylaws.,Do not duplicate operative wording below; lower instruments should cross-reference and implement only.,"ordinary operation; preserve actor, trigger, threshold, record and outcome",BYL
draft/rules_draft.md,제2조(정의) ③,“OB”란 제7조제3항에 따라 회장의 승인을 받은 사람을 말한다.,Compact bylaws (superior rule),None; preserve in member-adopted bylaws.,Do not duplicate operative wording below; lower instruments should cross-reference and implement only.,"ordinary operation; preserve actor, trigger, threshold, record and outcome",BYL
draft/rules_draft.md,제2조(정의) ④,"“임원”이란 재적회원 중 제25조에 따라 회장으로 당선되거나 제14조제1항에 따라 임명된 사람을 말하고, “임원진”이란 모든 임원으로 구성된 상설 집행기구를 말한다.",Compact bylaws (superior rule),None; preserve in member-adopted bylaws.,Do not duplicate operative wording below; lower instruments should cross-reference and implement only.,all officers unavailable/reconstruction,BYL
draft/rules_draft.md,제2조(정의) ⑤,“운영진”이란 제9조제3항에 따라 본회 업무를 위임받거나 제26조·제27조에 따라 TF 운영진으로 지정된 사람을 말한다.,Compact bylaws (superior rule),None; preserve in member-adopted bylaws.,Do not duplicate operative wording below; lower instruments should cross-reference and implement only.,"ordinary operation; preserve actor, trigger, threshold, record and outcome",BYL
draft/rules_draft.md,제2조(정의) ⑥,“공식 채널”이란 「SCSC 의사결정 세칙」 제2조제1항에 따라 지정된 공지·토론·표결 수단을 말한다.,Compact bylaws (superior rule),None; preserve in member-adopted bylaws.,Do not duplicate operative wording below; lower instruments should cross-reference and implement only.,"ordinary operation; preserve actor, trigger, threshold, record and outcome",BYL
draft/rules_draft.md,제2조(정의) ⑦,“회원발의 정족수”란 15명을 말한다.,Compact bylaws (superior rule),None; preserve in member-adopted bylaws.,Do not duplicate operative wording below; lower instruments should cross-reference and implement only. Threshold/denominator duplicate risk: keep one authoritative statement and test every cross-reference.,"ordinary operation; preserve actor, trigger, threshold, record and outcome",BYL
draft/rules_draft.md,제2조(정의) ⑧,“총회 성립 정족수”란 공고일 재적회원 수의 10분의 1에 5명을 더하고 소수점 이하는 올린 수를 말한다.,Compact bylaws (superior rule),None; preserve in member-adopted bylaws.,Do not duplicate operative wording below; lower instruments should cross-reference and implement only. Threshold/denominator duplicate risk: keep one authoritative statement and test every cross-reference.,"ordinary operation; preserve actor, trigger, threshold, record and outcome",BYL
draft/rules_draft.md,제3조(명칭·소재지·소속) ①,"본회의 국문 표기는 서울대학교 중앙컴퓨터연구회 SCSC, 국문 약칭은 서울대 컴퓨터 연구회로 한다.",Compact bylaws (superior rule),None; preserve in member-adopted bylaws.,Do not duplicate operative wording below; lower instruments should cross-reference and implement only.,"ordinary operation; preserve actor, trigger, threshold, record and outcome",BYL
draft/rules_draft.md,제3조(명칭·소재지·소속) ②,"본회의 영문 표기는 SNU Computer Study Club, 영문 약칭은 SCSC로 한다.",Compact bylaws (superior rule),None; preserve in member-adopted bylaws.,Do not duplicate operative wording below; lower instruments should cross-reference and implement only.,"ordinary operation; preserve actor, trigger, threshold, record and outcome",BYL
draft/rules_draft.md,제3조(명칭·소재지·소속) ③,"본회는 서울대학교가 배정한 동아리방을 주된 소재지로 하고 중앙동아리 취미분과에 소속하며, 학교와 총동아리연합회가 적용하는 규정을 준수한다.",Compact bylaws (superior rule),None; preserve in member-adopted bylaws.,Do not duplicate operative wording below; lower instruments should cross-reference and implement only.,"ordinary operation; preserve actor, trigger, threshold, record and outcome",BYL
draft/rules_draft.md,제4조(규정 체계) ①,"규정은 회칙, 총회가 제정한 세칙, 위임된 운영방침, 서식·매뉴얼·행정기록 순으로 효력이 있다. 하위 규정과 관례는 상위 규정에 반할 수 없다.",Compact bylaws (superior rule),None; preserve in member-adopted bylaws.,Do not duplicate operative wording below; lower instruments should cross-reference and implement only.,"ordinary operation; preserve actor, trigger, threshold, record and outcome",BYL
draft/rules_draft.md,제4조(규정 체계) ②,총회만 회칙과 세칙을 제정·개정·폐지한다. 운영방침은 위임받은 기구가 정하고 전문·시행일·변경 이력을 시행 전에 공개한다.,Compact bylaws (superior rule),None; preserve in member-adopted bylaws.,Do not duplicate operative wording below; lower instruments should cross-reference and implement only.,"ordinary operation; preserve actor, trigger, threshold, record and outcome",BYL
draft/rules_draft.md,제5조(공개와 정보보호) ①,"회칙·세칙·운영방침, 총회·임원회의의 결정, 예산·결산은 공개한다. 개인정보·보안정보·분쟁자료는 필요한 범위에서 가리고 비공개 사유와 재검토일을 기록한다.",Compact bylaws (superior rule),None; preserve in member-adopted bylaws.,Do not duplicate operative wording below; lower instruments should cross-reference and implement only. Privacy/secrecy overlap: align with privacy policy without weakening purpose limitation or ballot confidentiality.,independent reconsideration,BYL
draft/rules_draft.md,제5조(공개와 정보보호) ②,공개 기록의 열람·설명 요구에는 7일 안에 자료를 제공하거나 제공 예정일을 알린다. 전부 또는 일부를 제공하지 않으면 근거·범위·재검토일과 이의 방법을 알린다.,"Delegated policy P — privacy, security and retention","Bylaws must preserve privacy/access rights, minimization, security and incident duties; delegate the processing inventory, notices, retention schedule and technical controls to executive policy.","Policy must cite exact superior delegation and may not add eligibility, fees, rights limits, sanctions or spending authority. Deadline/retention duplicate risk: centralize or cross-reference; do not silently change on relocation.",independent reconsideration,PRIV
draft/rules_draft.md,제5조(공개와 정보보호) ③,개인정보와 인증정보는 업무상 필요한 최소 범위에서 처리하고 접근·변경·삭제·복구 기록을 보호한다.,"Delegated policy P — privacy, security and retention","Bylaws must preserve privacy/access rights, minimization, security and incident duties; delegate the processing inventory, notices, retention schedule and technical controls to executive policy.","Policy must cite exact superior delegation and may not add eligibility, fees, rights limits, sanctions or spending authority. Privacy/secrecy overlap: align with privacy policy without weakening purpose limitation or ballot confidentiality.",tested account recovery and backup,PRIV
draft/rules_draft.md,제5조(공개와 정보보호) ④,"임원회의는 처리 목적·항목·근거·보유기간, 제3자 제공·위탁, 파기, 정보주체의 권리와 담당자를 정한 개인정보 처리방침을 공개한다.","Delegated policy P — privacy, security and retention","Bylaws must preserve privacy/access rights, minimization, security and incident duties; delegate the processing inventory, notices, retention schedule and technical controls to executive policy.","Policy must cite exact superior delegation and may not add eligibility, fees, rights limits, sanctions or spending authority. Privacy/secrecy overlap: align with privacy policy without weakening purpose limitation or ballot confidentiality.","ordinary operation; preserve actor, trigger, threshold, record and outcome",PRIV
draft/rules_draft.md,제5조(공개와 정보보호) ⑤,"본회는 개인정보나 인증정보의 분실·유출 또는 무단 접근을 알게 되면 즉시 접근을 차단하고 증거와 영향을 확인한다. 관계 법령에 따른 통지·신고, 복구 및 재발 방지 조치를 하고 그 내용을 기록한다.","Delegated policy P — privacy, security and retention","Bylaws must preserve privacy/access rights, minimization, security and incident duties; delegate the processing inventory, notices, retention schedule and technical controls to executive policy.","Policy must cite exact superior delegation and may not add eligibility, fees, rights limits, sanctions or spending authority. Privacy/secrecy overlap: align with privacy policy without weakening purpose limitation or ballot confidentiality.",safe intake and external-reporting option; tested account recovery and backup,PRIV
draft/rules_draft.md,제6조(구성원),본회의 구성원은 재적회원과 OB이다.,Compact bylaws (superior rule),None; preserve in member-adopted bylaws.,Do not duplicate operative wording below; lower instruments should cross-reference and implement only.,"ordinary operation; preserve actor, trigger, threshold, record and outcome",BYL
draft/rules_draft.md,제7조(가입·등록·탈퇴) ①,본회의 목적에 동의하고 공고된 가입·학기 등록 절차를 마친 사람은 재적회원이 된다. 서울대학교 학사·대학원 과정의 재학·휴학생과 졸업생은 등록할 수 있다.,Compact bylaws (superior rule),None; preserve in member-adopted bylaws.,Do not duplicate operative wording below; lower instruments should cross-reference and implement only.,"ordinary operation; preserve actor, trigger, threshold, record and outcome",BYL
draft/rules_draft.md,제7조(가입·등록·탈퇴) ②,"다음 학기에 등록하지 않으면 회원 자격이 종료되고, 재등록하면 회복된다.",Compact bylaws (superior rule),None; preserve in member-adopted bylaws.,Do not duplicate operative wording below; lower instruments should cross-reference and implement only.,"ordinary operation; preserve actor, trigger, threshold, record and outcome",BYL
draft/rules_draft.md,제7조(가입·등록·탈퇴) ③,한 학기 이상 회원이었던 사람은 신청하여 OB가 될 수 있다. 재적 이력과 신청 의사를 확인한 회장이 승인한다. OB 자격은 탈퇴하거나 재적회원으로 등록하거나 제39조에 따라 취소되면 끝난다.,Compact bylaws (superior rule),None; preserve in member-adopted bylaws.,Do not duplicate operative wording below; lower instruments should cross-reference and implement only.,"ordinary operation; preserve actor, trigger, threshold, record and outcome",BYL
draft/rules_draft.md,제7조(가입·등록·탈퇴) ④,구성원은 임원진에 통지하여 탈퇴할 수 있으며 자산·계정·미정산 금액을 정리해야 한다.,Compact bylaws (superior rule),None; preserve in member-adopted bylaws.,Do not duplicate operative wording below; lower instruments should cross-reference and implement only.,"ordinary operation; preserve actor, trigger, threshold, record and outcome",BYL
draft/rules_draft.md,제8조(등록 확인) ①,가입·등록에는 자격과 해당 학기 활동 의사를 확인하는 최소한의 자료만 요구한다.,Compact bylaws (superior rule),None; preserve in member-adopted bylaws.,Do not duplicate operative wording below; lower instruments should cross-reference and implement only.,"ordinary operation; preserve actor, trigger, threshold, record and outcome",BYL
draft/rules_draft.md,제8조(등록 확인) ②,"확인 방법, OB 신청·승인과 접근 범위는 운영방침으로 정한다.",Compact bylaws (superior rule),None; preserve in member-adopted bylaws.,Do not duplicate operative wording below; lower instruments should cross-reference and implement only.,"ordinary operation; preserve actor, trigger, threshold, record and outcome",BYL
draft/rules_draft.md,제9조(권리) ①,"회원은 총회에서 발언하고 안건을 제출하며 표결과 회장 선거에 참여할 권리, 본회 활동과 공동자산을 이용할 권리, 공개 기록을 열람하고 설명을 요구할 권리 및 안전·존엄·개인정보를 보호받을 권리를 가진다. 차별·괴롭힘·보복을 받아서는 안 된다.",Compact bylaws (superior rule),None; preserve in member-adopted bylaws.,Do not duplicate operative wording below; lower instruments should cross-reference and implement only. Privacy/secrecy overlap: align with privacy policy without weakening purpose limitation or ballot confidentiality.,"election eligibility, secrecy, verification, deadlock and challenge; anti-retaliation",BYL
draft/rules_draft.md,제9조(권리) ②,"회원은 과도한 부담이 없는 범위에서 합리적 편의와 대체 참여를 요청할 수 있다. 담당자는 필요한 정보만 확인하여 제공 방법을 알리고, 제공하기 어려우면 이유와 대안을 제시한다.",Compact bylaws (superior rule),None; preserve in member-adopted bylaws.,Do not duplicate operative wording below; lower instruments should cross-reference and implement only.,reasonable accommodation/alternative participation,BYL
draft/rules_draft.md,제9조(권리) ③,"OB는 공개 기록, OB 채널과 공고된 행사에 접근할 수 있다. 임원회의는 목적·권한·기간을 공고하여 OB에게 본회 업무를 위임할 수 있고, OB는 위임받은 범위에서 운영진으로 참여할 수 있다.",Compact bylaws (superior rule),None; preserve in member-adopted bylaws.,Do not duplicate operative wording below; lower instruments should cross-reference and implement only.,"ordinary operation; preserve actor, trigger, threshold, record and outcome",BYL
draft/rules_draft.md,제10조(의무) ①,"회원은 상위 규정과 적법한 의결을 따르고 회비를 납부하며, 타인의 권리와 본회의 자산·계정·정보를 보호하고 맡은 금액·자산·업무를 정산·반환·인계해야 한다.",Compact bylaws (superior rule),None; preserve in member-adopted bylaws.,Do not duplicate operative wording below; lower instruments should cross-reference and implement only.,handover and access revocation,BYL
draft/rules_draft.md,제10조(의무) ②,OB도 정보·자산·계정 관리 규정을 따르며 본회의 명칭을 사용한 공식 활동은 승인을 받아야 한다.,Compact bylaws (superior rule),None; preserve in member-adopted bylaws.,Do not duplicate operative wording below; lower instruments should cross-reference and implement only.,"ordinary operation; preserve actor, trigger, threshold, record and outcome",BYL
draft/rules_draft.md,제11조(지위와 구성) ①,임원진은 일상적인 행정·집행을 담당한다.,Compact bylaws (superior rule),None; preserve in member-adopted bylaws.,Do not duplicate operative wording below; lower instruments should cross-reference and implement only.,"ordinary operation; preserve actor, trigger, threshold, record and outcome",BYL
draft/rules_draft.md,제11조(지위와 구성) ②,운영진은 그 자격만으로 임원의 권한을 행사할 수 없다.,Compact bylaws (superior rule),None; preserve in member-adopted bylaws.,Do not duplicate operative wording below; lower instruments should cross-reference and implement only.,"ordinary operation; preserve actor, trigger, threshold, record and outcome",BYL
draft/rules_draft.md,제11조(지위와 구성) ③,"필수 직책은 회장·부회장·회계·관리자이고, 임원회의는 필요한 일반 임원과 부서를 둘 수 있다.",Compact bylaws (superior rule),None; preserve in member-adopted bylaws.,Do not duplicate operative wording below; lower instruments should cross-reference and implement only.,"ordinary operation; preserve actor, trigger, threshold, record and outcome",BYL
draft/rules_draft.md,제12조(회장) ①,"회장은 본회를 대표하고 총회·임원회의를 소집하며 회칙과 의결의 이행, 대외관계와 임원진 업무를 총괄한다.",Compact bylaws (superior rule),None; preserve in member-adopted bylaws.,Do not duplicate operative wording below; lower instruments should cross-reference and implement only.,"ordinary operation; preserve actor, trigger, threshold, record and outcome",BYL
draft/rules_draft.md,제12조(회장) ②,회장은 학기 초 사업계획을 공개하고 종강총회 전에 결과·미결업무·인계사항을 보고한다. 총회 전속사항이나 예산 변경은 별도로 의결받는다.,Compact bylaws (superior rule),None; preserve in member-adopted bylaws.,Do not duplicate operative wording below; lower instruments should cross-reference and implement only.,handover and access revocation,BYL
draft/rules_draft.md,제13조(부회장·회계·관리자) ①,부회장은 회장을 보좌하고 회장의 직무를 대행한다.,Compact bylaws (superior rule),None; preserve in member-adopted bylaws.,Do not duplicate operative wording below; lower instruments should cross-reference and implement only.,"ordinary operation; preserve actor, trigger, threshold, record and outcome",BYL
draft/rules_draft.md,제13조(부회장·회계·관리자) ②,회계는 예산·장부·결산을 담당하고 위법하거나 위험한 지출을 보류할 수 있다.,Compact bylaws (superior rule),None; preserve in member-adopted bylaws.,Do not duplicate operative wording below; lower instruments should cross-reference and implement only.,"ordinary operation; preserve actor, trigger, threshold, record and outcome",BYL
draft/rules_draft.md,제13조(부회장·회계·관리자) ③,관리자는 시설·IT 자산·핵심 계정을 관리한다.,Compact bylaws (superior rule),None; preserve in member-adopted bylaws.,Do not duplicate operative wording below; lower instruments should cross-reference and implement only.,"ordinary operation; preserve actor, trigger, threshold, record and outcome",BYL
draft/rules_draft.md,제14조(임명·보직·해임) ①,회장 또는 제5항에 따른 임원회의는 회장을 제외한 임원 후보자를 제청한다. 임원회의는 해당 후보자를 제외한 재적 임원 과반수의 참여와 참여자 과반수 찬성으로 그 후보자를 임명한다. 의결에 참여할 임원이 두 명 미만이거나 같은 후보자가 두 차례 부결되면 총회가 임명 여부를 결정할 수 있다.,"GA subrule G — meetings, decisions, elections and TFs","Bylaws must expressly delegate meeting, voting, election, emergency-decision and TF procedure to a GA-enacted subrule; reserved matters and final thresholds stay in bylaws.","Subrule must not alter reserved body, quorum, approval threshold, right or sanction fixed by bylaws. Threshold/denominator duplicate risk: keep one authoritative statement and test every cross-reference.","ordinary operation; preserve actor, trigger, threshold, record and outcome",GOV
draft/rules_draft.md,제14조(임명·보직·해임) ②,"회장은 임원의 보직과 업무를 정하여 공고한다. 임원회의는 당사자를 의결에서 제외하고 제1항의 기준으로 해임을 의결하되, 당사자에게 이유와 소명 기회를 먼저 제공한다.","GA subrule G — meetings, decisions, elections and TFs","Bylaws must expressly delegate meeting, voting, election, emergency-decision and TF procedure to a GA-enacted subrule; reserved matters and final thresholds stay in bylaws.","Subrule must not alter reserved body, quorum, approval threshold, right or sanction fixed by bylaws.","ordinary operation; preserve actor, trigger, threshold, record and outcome",GOV
draft/rules_draft.md,제14조(임명·보직·해임) ③,"재정, 보안 또는 안전에 중대한 위험이 있으면 회장은 직무와 접근 권한을 임시 정지할 수 있다. 임원회의가 당사자를 의결에서 제외하고 72시간 안에 제1항의 기준으로 추인하지 않으면 임시 정지는 종료된다.","GA subrule G — meetings, decisions, elections and TFs","Bylaws must expressly delegate meeting, voting, election, emergency-decision and TF procedure to a GA-enacted subrule; reserved matters and final thresholds stay in bylaws.","Subrule must not alter reserved body, quorum, approval threshold, right or sanction fixed by bylaws. Deadline/retention duplicate risk: centralize or cross-reference; do not silently change on relocation.","ordinary operation; preserve actor, trigger, threshold, record and outcome",GOV
draft/rules_draft.md,제14조(임명·보직·해임) ④,필수 직책의 겸직은 사유·기간·보완책을 기록한 경우에만 허용하며 회계·관리자에 대한 통제가 약해지면 독립 확인자를 둔다.,"GA subrule G — meetings, decisions, elections and TFs","Bylaws must expressly delegate meeting, voting, election, emergency-decision and TF procedure to a GA-enacted subrule; reserved matters and final thresholds stay in bylaws.","Subrule must not alter reserved body, quorum, approval threshold, right or sanction fixed by bylaws. Conflict/independence safeguard must remain attached to the decision it constrains.","ordinary operation; preserve actor, trigger, threshold, record and outcome",GOV
draft/rules_draft.md,제14조(임명·보직·해임) ⑤,필수 직책이 공석이 되면 회장은 14일 안에 후보자를 제청한다. 회장이 기한 안에 제청하지 않거나 직무를 수행할 수 없으면 임원회의가 그날부터 7일 안에 후보자를 제청한다.,"GA subrule G — meetings, decisions, elections and TFs","Bylaws must expressly delegate meeting, voting, election, emergency-decision and TF procedure to a GA-enacted subrule; reserved matters and final thresholds stay in bylaws.","Subrule must not alter reserved body, quorum, approval threshold, right or sanction fixed by bylaws. Deadline/retention duplicate risk: centralize or cross-reference; do not silently change on relocation.",incapacity fallback,GOV
draft/rules_draft.md,제15조(임기·직무대행·인계) ①,"회장의 임기는 1년, 다른 임원의 임기는 한 학기로 하며 연임할 수 있다.",Compact bylaws (superior rule),None; preserve in member-adopted bylaws.,Do not duplicate operative wording below; lower instruments should cross-reference and implement only.,"ordinary operation; preserve actor, trigger, threshold, record and outcome",BYL
draft/rules_draft.md,제15조(임기·직무대행·인계) ②,"회장이 직무를 수행할 수 없으면 부회장이 대행하고, 부회장도 직무를 수행할 수 없으면 임원회의가 정한 사람이 대행한다. 부회장과 임원회의가 정한 사람이 모두 없으면 현직 임원이 임원회의를 소집하여 대행자를 정한다. 일시적인 직무 불능 상태가 끝나면 회장이 권한을 회복하고 직무대행 권한은 종료된다.",Compact bylaws (superior rule),None; preserve in member-adopted bylaws.,Do not duplicate operative wording below; lower instruments should cross-reference and implement only.,incapacity fallback,BYL
draft/rules_draft.md,제15조(임기·직무대행·인계) ③,"직무대행자는 통상 업무, 안전·보안·자산 보전, 승인 예산 집행과 선거 준비만 담당한다. 신규·장기계약, 임원 임면과 예산 밖 지출은 총회가 정한다.",Compact bylaws (superior rule),None; preserve in member-adopted bylaws.,Do not duplicate operative wording below; lower instruments should cross-reference and implement only.,"election eligibility, secrecy, verification, deadlock and challenge; contract authority and total-obligation review",BYL
draft/rules_draft.md,제15조(임기·직무대행·인계) ④,회장 잔여 임기가 8주를 넘으면 30일 안에 보궐선거를 한다. 8주 이하이면 정기선거까지 직무대행 체제를 유지할 수 있다.,Compact bylaws (superior rule),None; preserve in member-adopted bylaws.,Do not duplicate operative wording below; lower instruments should cross-reference and implement only. Deadline/retention duplicate risk: centralize or cross-reference; do not silently change on relocation.,"election eligibility, secrecy, verification, deadlock and challenge",BYL
draft/rules_draft.md,제15조(임기·직무대행·인계) ⑤,임원은 사임 의사를 표시한 후 3일 안에 문서·자산·계정·미결 업무를 인계하고 접근 권한을 반납한다. 3일이 지나면 인계 완료와 관계없이 사임 효력이 생긴다. 임기 종료·해임에도 같은 의무를 진다.,Compact bylaws (superior rule),None; preserve in member-adopted bylaws.,Do not duplicate operative wording below; lower instruments should cross-reference and implement only. Deadline/retention duplicate risk: centralize or cross-reference; do not silently change on relocation.,handover and access revocation,BYL
draft/rules_draft.md,제15조(임기·직무대행·인계) ⑥,모든 임원이 부재하면 회원발의 정족수를 충족한 회원이 임시 소집인을 정하여 임원진 재구성 총회를 소집할 수 있다.,Compact bylaws (superior rule),None; preserve in member-adopted bylaws.,Do not duplicate operative wording below; lower instruments should cross-reference and implement only.,all officers unavailable/reconstruction,BYL
draft/rules_draft.md,제16조(임원 회비),"임원은 해당 학기 회비를 면제받거나 이미 납부한 회비를 반환받는다. 같은 학기 중 해임·탄핵되면 회비를 납부한다. 면제·반환의 회계처리와 기록은 운영방침으로 정하고, 처리 내역은 결산에 별도로 공개한다.",Compact bylaws (superior rule),None; preserve in member-adopted bylaws.,Do not duplicate operative wording below; lower instruments should cross-reference and implement only.,"ordinary operation; preserve actor, trigger, threshold, record and outcome",BYL
draft/rules_draft.md,제17조(총회) ①,총회는 회원 전체로 구성된 최고 의결기구이다. 정기총회는 매 학기 개강과 종강 무렵에 연다.,Compact bylaws (superior rule),None; preserve in member-adopted bylaws.,Do not duplicate operative wording below; lower instruments should cross-reference and implement only.,"ordinary operation; preserve actor, trigger, threshold, record and outcome",BYL
draft/rules_draft.md,제17조(총회) ②,회장·임원회의 또는 회원발의 정족수를 충족한 회원이 임시총회를 요구할 수 있다. 회장이 소집 요구를 받은 날부터 3일 안에 공고하지 않으면 요구자 대표가 소집한다.,Compact bylaws (superior rule),None; preserve in member-adopted bylaws.,Do not duplicate operative wording below; lower instruments should cross-reference and implement only. Deadline/retention duplicate risk: centralize or cross-reference; do not silently change on relocation.,"ordinary operation; preserve actor, trigger, threshold, record and outcome",BYL
draft/rules_draft.md,제17조(총회) ③,제18조제1항의 공고 기한 전까지 회원발의 정족수를 충족한 회원이 공동 제출한 안건은 상정한다.,Compact bylaws (superior rule),None; preserve in member-adopted bylaws.,Do not duplicate operative wording below; lower instruments should cross-reference and implement only.,"ordinary operation; preserve actor, trigger, threshold, record and outcome",BYL
draft/rules_draft.md,제18조(공고와 의결) ①,"총회는 7일 전까지 일시·방법·안건·자료·표결 방법과 총회 성립 정족수를 공식 채널에 공고한다. 사람의 안전을 지키거나, 회복하기 어려운 자산·정보 손실 또는 외부 마감에 따른 중대한 손해를 막기 위하여 기간 단축이 불가피한 경우에는 특별의결 안건을 제외하고 기간을 단축할 수 있으며, 그 사유를 함께 공고한다.","GA subrule G — meetings, decisions, elections and TFs","Bylaws must expressly delegate meeting, voting, election, emergency-decision and TF procedure to a GA-enacted subrule; reserved matters and final thresholds stay in bylaws.","Subrule must not alter reserved body, quorum, approval threshold, right or sanction fixed by bylaws. Deadline/retention duplicate risk: centralize or cross-reference; do not silently change on relocation.","ordinary operation; preserve actor, trigger, threshold, record and outcome",GOV
draft/rules_draft.md,제18조(공고와 의결) ②,"총회는 총회 성립 정족수 이상의 회원이 참여하면 성립하고, 일반 안건은 참여자 과반수 찬성으로 의결한다.","GA subrule G — meetings, decisions, elections and TFs","Bylaws must expressly delegate meeting, voting, election, emergency-decision and TF procedure to a GA-enacted subrule; reserved matters and final thresholds stay in bylaws.","Subrule must not alter reserved body, quorum, approval threshold, right or sanction fixed by bylaws. Threshold/denominator duplicate risk: keep one authoritative statement and test every cross-reference.","ordinary operation; preserve actor, trigger, threshold, record and outcome",GOV
draft/rules_draft.md,제18조(공고와 의결) ③,기권은 참여자 수에 포함하고 가부동수는 부결한다. 기간투표의 세부 절차는 「SCSC 의사결정 세칙」으로 정한다.,"GA subrule G — meetings, decisions, elections and TFs","Bylaws must expressly delegate meeting, voting, election, emergency-decision and TF procedure to a GA-enacted subrule; reserved matters and final thresholds stay in bylaws.","Subrule must not alter reserved body, quorum, approval threshold, right or sanction fixed by bylaws.","ordinary operation; preserve actor, trigger, threshold, record and outcome",GOV
draft/rules_draft.md,제19조(전속사항과 특별의결) ①,"회칙·세칙의 제정·개정·폐지, 회장 선출·불신임·탄핵, 회원 제명, 예산·결산, 해산, 회원 권리의 중대한 제한과 법인으로 보는 단체의 설치·종료·교체는 총회만 의결한다.",Compact bylaws (superior rule),None; preserve in member-adopted bylaws.,Do not duplicate operative wording below; lower instruments should cross-reference and implement only.,dissolution and recipient fallback,BYL
draft/rules_draft.md,제19조(전속사항과 특별의결) ②,"규정 개정, 불신임·탄핵, 제명, 회원 권리의 중대한 제한과 해산은 참여자 3분의 2 이상 찬성으로 의결한다. 회장 선출은 제25조에 따른다.",Compact bylaws (superior rule),None; preserve in member-adopted bylaws.,Do not duplicate operative wording below; lower instruments should cross-reference and implement only. Threshold/denominator duplicate risk: keep one authoritative statement and test every cross-reference.,dissolution and recipient fallback,BYL
draft/rules_draft.md,제19조(전속사항과 특별의결) ③,회원 권리의 중대한 제한은 목적·대상·범위·기간·필요성·대체수단과 재검토일을 7일 전까지 공고하고 필요한 최소 범위에서만 의결한다. 특정 회원에 대한 징계 절차를 우회할 수 없다.,Compact bylaws (superior rule),None; preserve in member-adopted bylaws.,Do not duplicate operative wording below; lower instruments should cross-reference and implement only. Deadline/retention duplicate risk: centralize or cross-reference; do not silently change on relocation.,discipline due process and proportional sanctions; independent reconsideration,BYL
draft/rules_draft.md,제20조(임원회의) ①,임원회의는 모든 현직 임원으로 구성한다.,Compact bylaws (superior rule),None; preserve in member-adopted bylaws.,Do not duplicate operative wording below; lower instruments should cross-reference and implement only.,"ordinary operation; preserve actor, trigger, threshold, record and outcome",BYL
draft/rules_draft.md,제20조(임원회의) ②,임원회의는 일상적인 사업·인사·재정·시설·대외 업무를 의결한다.,Compact bylaws (superior rule),None; preserve in member-adopted bylaws.,Do not duplicate operative wording below; lower instruments should cross-reference and implement only.,"ordinary operation; preserve actor, trigger, threshold, record and outcome",BYL
draft/rules_draft.md,제20조(임원회의) ③,공고된 회의나 기간투표에 참여한 임원 과반수의 찬성으로 의결한다.,Compact bylaws (superior rule),None; preserve in member-adopted bylaws.,Do not duplicate operative wording below; lower instruments should cross-reference and implement only. Threshold/denominator duplicate risk: keep one authoritative statement and test every cross-reference.,"ordinary operation; preserve actor, trigger, threshold, record and outcome",BYL
draft/rules_draft.md,제20조(임원회의) ④,임원 한 명이 요청하면 무기명으로 표결한다.,Compact bylaws (superior rule),None; preserve in member-adopted bylaws.,Do not duplicate operative wording below; lower instruments should cross-reference and implement only. Privacy/secrecy overlap: align with privacy policy without weakening purpose limitation or ballot confidentiality.,"ordinary operation; preserve actor, trigger, threshold, record and outcome",BYL
draft/rules_draft.md,제21조(표결 원칙) ①,일반 안건은 기명으로 표결한다. 선거·불신임·징계·제명과 개인 인사 안건은 무기명으로 표결한다.,"GA subrule G — meetings, decisions, elections and TFs","Bylaws must expressly delegate meeting, voting, election, emergency-decision and TF procedure to a GA-enacted subrule; reserved matters and final thresholds stay in bylaws.","Subrule must not alter reserved body, quorum, approval threshold, right or sanction fixed by bylaws. Privacy/secrecy overlap: align with privacy policy without weakening purpose limitation or ballot confidentiality.","election eligibility, secrecy, verification, deadlock and challenge; discipline due process and proportional sanctions",GOV
draft/rules_draft.md,제21조(표결 원칙) ②,이해관계자는 해당 안건에서 회피한다.,"GA subrule G — meetings, decisions, elections and TFs","Bylaws must expressly delegate meeting, voting, election, emergency-decision and TF procedure to a GA-enacted subrule; reserved matters and final thresholds stay in bylaws.","Subrule must not alter reserved body, quorum, approval threshold, right or sanction fixed by bylaws. Conflict/independence safeguard must remain attached to the decision it constrains.",conflicted decision-maker fallback,GOV
draft/rules_draft.md,제21조(표결 원칙) ③,공식 채널 밖에서 이루어진 합의는 적법한 회의체가 추인해야 효력이 생긴다.,"GA subrule G — meetings, decisions, elections and TFs","Bylaws must expressly delegate meeting, voting, election, emergency-decision and TF procedure to a GA-enacted subrule; reserved matters and final thresholds stay in bylaws.","Subrule must not alter reserved body, quorum, approval threshold, right or sanction fixed by bylaws.","ordinary operation; preserve actor, trigger, threshold, record and outcome",GOV
draft/rules_draft.md,제22조(기록과 공개) ①,총회와 임원회의는 안건·참가자·결정·표결 결과·시행일·담당자를 기록하고 7일 안에 공개한다.,"GA subrule G — meetings, decisions, elections and TFs","Bylaws must expressly delegate meeting, voting, election, emergency-decision and TF procedure to a GA-enacted subrule; reserved matters and final thresholds stay in bylaws.","Subrule must not alter reserved body, quorum, approval threshold, right or sanction fixed by bylaws. Deadline/retention duplicate risk: centralize or cross-reference; do not silently change on relocation.","ordinary operation; preserve actor, trigger, threshold, record and outcome",GOV
draft/rules_draft.md,제22조(기록과 공개) ②,공개할 때에는 개인정보·보안정보를 가린다. 원문 대화는 보조 자료로 관리한다.,"GA subrule G — meetings, decisions, elections and TFs","Bylaws must expressly delegate meeting, voting, election, emergency-decision and TF procedure to a GA-enacted subrule; reserved matters and final thresholds stay in bylaws.","Subrule must not alter reserved body, quorum, approval threshold, right or sanction fixed by bylaws. Privacy/secrecy overlap: align with privacy policy without weakening purpose limitation or ballot confidentiality.","ordinary operation; preserve actor, trigger, threshold, record and outcome",GOV
draft/rules_draft.md,제23조(후보와 선거) ①,회장은 임기 만료 전 종강총회에서 회원의 직접·비밀선거로 선출한다.,Compact bylaws (superior rule),None; preserve in member-adopted bylaws.,Do not duplicate operative wording below; lower instruments should cross-reference and implement only.,"election eligibility, secrecy, verification, deadlock and challenge",BYL
draft/rules_draft.md,제23조(후보와 선거) ②,임원회의는 총회 14일 전까지 후보 등록 방법과 일정을 공고한다. 해당 학기 회원으로서 임기 중 활동할 사람은 총회 7일 전까지 후보자로 등록할 수 있다.,Compact bylaws (superior rule),None; preserve in member-adopted bylaws.,Do not duplicate operative wording below; lower instruments should cross-reference and implement only. Deadline/retention duplicate risk: centralize or cross-reference; do not silently change on relocation.,"ordinary operation; preserve actor, trigger, threshold, record and outcome",BYL
draft/rules_draft.md,제24조(선거관리) ①,"임원회의는 후보자와 직접 이해관계가 없는 회원 중 서로 다른 선거관리자와 검증자를 정한다. 선거관리자는 후보 등록과 투·개표를 진행하고, 검증자는 명부·본인 확인·중복 방지·무기명성·집계·공고를 독립적으로 확인한다.","GA subrule G — meetings, decisions, elections and TFs","Bylaws must expressly delegate meeting, voting, election, emergency-decision and TF procedure to a GA-enacted subrule; reserved matters and final thresholds stay in bylaws.","Subrule must not alter reserved body, quorum, approval threshold, right or sanction fixed by bylaws. Privacy/secrecy overlap: align with privacy policy without weakening purpose limitation or ballot confidentiality. Conflict/independence safeguard must remain attached to the decision it constrains.","conflicted decision-maker fallback; election eligibility, secrecy, verification, deadlock and challenge",GOV
draft/rules_draft.md,제24조(선거관리) ②,"선거관리자와 검증자는 각자 확인한 기록이 일치하면 당선을 함께 확정한다. 자격·중복 방지·집계 근거는 투표 선택과 분리하여 보존한다. 보존 기간은 당선 확정일부터 7일이 지나고, 그 7일 동안 제기된 특별이의의 처리가 모두 끝날 때까지로 한다.","GA subrule G — meetings, decisions, elections and TFs","Bylaws must expressly delegate meeting, voting, election, emergency-decision and TF procedure to a GA-enacted subrule; reserved matters and final thresholds stay in bylaws.","Subrule must not alter reserved body, quorum, approval threshold, right or sanction fixed by bylaws. Deadline/retention duplicate risk: centralize or cross-reference; do not silently change on relocation.","election eligibility, secrecy, verification, deadlock and challenge; record retention and deletion",GOV
draft/rules_draft.md,제24조(선거관리) ③,선거관리자나 검증자가 직무를 수행할 수 없으면 임원회의는 2일 안에 그 사람을 교체한다. 선거관리자와 검증자가 당선 확정에 합의하지 못하면 두 사람은 각자의 판단 근거를 기록한다. 이 경우 총회는 무기명성을 유지하면서 당선 확정·재검표·재투표 중 필요한 조치를 정한다.,"GA subrule G — meetings, decisions, elections and TFs","Bylaws must expressly delegate meeting, voting, election, emergency-decision and TF procedure to a GA-enacted subrule; reserved matters and final thresholds stay in bylaws.","Subrule must not alter reserved body, quorum, approval threshold, right or sanction fixed by bylaws. Privacy/secrecy overlap: align with privacy policy without weakening purpose limitation or ballot confidentiality.","incapacity fallback; election eligibility, secrecy, verification, deadlock and challenge",GOV
draft/rules_draft.md,제24조(선거관리) ④,"선거관리자와 검증자는 투표 종료 후 3일 안에 공동 확정 또는 불합의 의견을 공고한다. 임원회의가 제23조제2항의 기한까지 일정·선거관리자·검증자를 정하지 못하거나 불합의 의견 공고 후 3일 안에 총회를 공고하지 않으면 회원발의 정족수를 충족한 회원이 선거관리 총회를 소집할 수 있다. 이 총회는 선거관리자·검증자, 일정, 재검표 또는 재투표를 정한다.","GA subrule G — meetings, decisions, elections and TFs","Bylaws must expressly delegate meeting, voting, election, emergency-decision and TF procedure to a GA-enacted subrule; reserved matters and final thresholds stay in bylaws.","Subrule must not alter reserved body, quorum, approval threshold, right or sanction fixed by bylaws. Deadline/retention duplicate risk: centralize or cross-reference; do not silently change on relocation.","election eligibility, secrecy, verification, deadlock and challenge",GOV
draft/rules_draft.md,제25조(당선·재선거·이의) ①,"단독 후보는 참여자 과반수 찬성, 복수 후보는 참여자 과반수의 표를 얻으면 당선된다. 과반 득표자가 없으면 「SCSC 의사결정 세칙」 제9조에 따라 결선투표한다.",Compact bylaws (superior rule),None; preserve in member-adopted bylaws.,Do not duplicate operative wording below; lower instruments should cross-reference and implement only. Threshold/denominator duplicate risk: keep one authoritative statement and test every cross-reference.,"ordinary operation; preserve actor, trigger, threshold, record and outcome",BYL
draft/rules_draft.md,제25조(당선·재선거·이의) ②,당선인이 없거나 선거가 무효가 되면 직무대행자는 30일 안에 재선거를 실시한다.,Compact bylaws (superior rule),None; preserve in member-adopted bylaws.,Do not duplicate operative wording below; lower instruments should cross-reference and implement only. Deadline/retention duplicate risk: centralize or cross-reference; do not silently change on relocation.,"election eligibility, secrecy, verification, deadlock and challenge",BYL
draft/rules_draft.md,제25조(당선·재선거·이의) ③,후보·투표·집계에 관한 통상적인 이의는 당선 확정 전에 총회가 처리한다.,Compact bylaws (superior rule),None; preserve in member-adopted bylaws.,Do not duplicate operative wording below; lower instruments should cross-reference and implement only.,"ordinary operation; preserve actor, trigger, threshold, record and outcome",BYL
draft/rules_draft.md,제25조(당선·재선거·이의) ④,당선 확정 전에 알 수 없었던 중대한 무자격·중복투표·집계·무기명성·조작 문제가 선거 결과에 영향을 줄 수 있으면 회원은 당선 확정 후 7일 안에 특별이의를 제기할 수 있다.,Compact bylaws (superior rule),None; preserve in member-adopted bylaws.,Do not duplicate operative wording below; lower instruments should cross-reference and implement only. Deadline/retention duplicate risk: centralize or cross-reference; do not silently change on relocation. Privacy/secrecy overlap: align with privacy policy without weakening purpose limitation or ballot confidentiality.,"election eligibility, secrecy, verification, deadlock and challenge",BYL
draft/rules_draft.md,제25조(당선·재선거·이의) ⑤,선거관리자와 검증자가 3일 안에 선거 결과에 영향이 없다고 합의하지 못하면 회장 또는 직무대행자가 14일 안에 총회를 소집한다.,Compact bylaws (superior rule),None; preserve in member-adopted bylaws.,Do not duplicate operative wording below; lower instruments should cross-reference and implement only. Deadline/retention duplicate risk: centralize or cross-reference; do not silently change on relocation.,"election eligibility, secrecy, verification, deadlock and challenge",BYL
draft/rules_draft.md,제25조(당선·재선거·이의) ⑥,제5항에 따라 총회가 소집되면 총회는 재검표·일부 재투표·선거 무효 중 필요한 조치를 정한다.,Compact bylaws (superior rule),None; preserve in member-adopted bylaws.,Do not duplicate operative wording below; lower instruments should cross-reference and implement only.,"election eligibility, secrecy, verification, deadlock and challenge",BYL
draft/rules_draft.md,제26조(설치),회장은 한시 업무를 위해 목적·기간·운영진·위임 범위·예산·종료 조건을 공고하고 TF를 설치할 수 있다.,Compact bylaws (superior rule),None; preserve in member-adopted bylaws.,Do not duplicate operative wording below; lower instruments should cross-reference and implement only.,"ordinary operation; preserve actor, trigger, threshold, record and outcome",BYL
draft/rules_draft.md,제27조(구성) ①,TF에는 회장과 회계가 참여한다. 회장 또는 회계가 직접 참여할 수 없으면 해당 TF에 한정하여 권한을 행사할 대리인을 지정하고 그 권한·기간을 공고한다.,"GA subrule G — meetings, decisions, elections and TFs","Bylaws must expressly delegate meeting, voting, election, emergency-decision and TF procedure to a GA-enacted subrule; reserved matters and final thresholds stay in bylaws.","Subrule must not alter reserved body, quorum, approval threshold, right or sanction fixed by bylaws.","ordinary operation; preserve actor, trigger, threshold, record and outcome",GOV
draft/rules_draft.md,제27조(구성) ②,유효한 의결에는 제1항에 따른 회장 측 참여자와 회계 측 참여자가 각각 한 명 이상 참여해야 한다.,"GA subrule G — meetings, decisions, elections and TFs","Bylaws must expressly delegate meeting, voting, election, emergency-decision and TF procedure to a GA-enacted subrule; reserved matters and final thresholds stay in bylaws.","Subrule must not alter reserved body, quorum, approval threshold, right or sanction fixed by bylaws.","ordinary operation; preserve actor, trigger, threshold, record and outcome",GOV
draft/rules_draft.md,제27조(구성) ③,그 밖의 TF 운영진은 회장이 업무에 맞게 모집·지정하되 당사자의 동의를 받아야 한다.,"GA subrule G — meetings, decisions, elections and TFs","Bylaws must expressly delegate meeting, voting, election, emergency-decision and TF procedure to a GA-enacted subrule; reserved matters and final thresholds stay in bylaws.","Subrule must not alter reserved body, quorum, approval threshold, right or sanction fixed by bylaws.","ordinary operation; preserve actor, trigger, threshold, record and outcome",GOV
draft/rules_draft.md,제28조(권한과 의결) ①,TF는 공고된 범위에서 참여자 과반수의 찬성으로 의결한다.,Compact bylaws (superior rule),None; preserve in member-adopted bylaws.,Do not duplicate operative wording below; lower instruments should cross-reference and implement only. Threshold/denominator duplicate risk: keep one authoritative statement and test every cross-reference.,"ordinary operation; preserve actor, trigger, threshold, record and outcome",BYL
draft/rules_draft.md,제28조(권한과 의결) ②,지출에는 회계 측 참여자의 찬성이 필요하다.,Compact bylaws (superior rule),None; preserve in member-adopted bylaws.,Do not duplicate operative wording below; lower instruments should cross-reference and implement only.,"ordinary operation; preserve actor, trigger, threshold, record and outcome",BYL
draft/rules_draft.md,제28조(권한과 의결) ③,규정 개정·회원 자격·징계·임원 임면·예산 초과·신규 계약·공식 입장·개인정보 제공은 TF에 위임할 수 없다.,Compact bylaws (superior rule),None; preserve in member-adopted bylaws.,Do not duplicate operative wording below; lower instruments should cross-reference and implement only. Privacy/secrecy overlap: align with privacy policy without weakening purpose limitation or ballot confidentiality.,discipline due process and proportional sanctions; contract authority and total-obligation review,BYL
draft/rules_draft.md,제29조(기록과 종료) ①,TF는 결정·지출·산출물·미결 사항을 필요한 범위에서 기록한다.,"GA subrule G — meetings, decisions, elections and TFs","Bylaws must expressly delegate meeting, voting, election, emergency-decision and TF procedure to a GA-enacted subrule; reserved matters and final thresholds stay in bylaws.","Subrule must not alter reserved body, quorum, approval threshold, right or sanction fixed by bylaws.","ordinary operation; preserve actor, trigger, threshold, record and outcome",GOV
draft/rules_draft.md,제29조(기록과 종료) ②,TF는 업무가 완료되거나 종료가 공고되면 해산한다. 해산할 때에는 최종 보고와 자산·계정·잔액의 인계를 마쳐야 한다.,"GA subrule G — meetings, decisions, elections and TFs","Bylaws must expressly delegate meeting, voting, election, emergency-decision and TF procedure to a GA-enacted subrule; reserved matters and final thresholds stay in bylaws.","Subrule must not alter reserved body, quorum, approval threshold, right or sanction fixed by bylaws.",dissolution and recipient fallback; handover and access revocation,GOV
draft/rules_draft.md,제30조(재원·회비·환불) ①,"재원은 회비, 지원금, 기부금과 적법한 수익으로 한다. 임원회의는 예산안·전 학기 결산·등록 인원을 고려하여 회비 금액을 정한다. 금액·납부기한과 납부·환불·기록 절차는 운영방침으로 정하여 공고한다.",Compact bylaws (superior rule),None; preserve in member-adopted bylaws.,Do not duplicate operative wording below; lower instruments should cross-reference and implement only.,mistaken payment/pre-meeting withdrawal refund,BYL
draft/rules_draft.md,제30조(재원·회비·환불) ②,"오입금·중복납부는 전액 환불한다. 회원이 개강총회의 실제 시작 전에 탈퇴와 환불을 신청하면 전액 환불하고, 시작 후에는 환불하지 않는다. 공식 제출 시각과 실제 회의·투표 시작 시각을 기준으로 한다.",Compact bylaws (superior rule),None; preserve in member-adopted bylaws.,Do not duplicate operative wording below; lower instruments should cross-reference and implement only.,mistaken payment/pre-meeting withdrawal refund,BYL
draft/rules_draft.md,제30조(재원·회비·환불) ③,모든 수입은 본회 또는 법인으로 보는 단체가 관리하는 계좌·결제수단으로 받고 개인 자금과 분리한다.,"GA subrule F — finance, funding, assets and contracts","Bylaws must reserve budget/settlement, debt bans, major asset disposition and contract authority, while delegating controls, support eligibility, amounts and evidence rules to a GA-enacted finance subrule.","Subrule must not alter reserved body, quorum, approval threshold, right or sanction fixed by bylaws.","ordinary operation; preserve actor, trigger, threshold, record and outcome",FIN
draft/rules_draft.md,제31조(예산·지출·계약) ①,"회계는 총회가 승인한 예산을 집행한다. 총예산 증액은 총회가, 예산 안의 전용·예비비·고액 지출은 세칙이 정한 절차에 따라 승인한다.",Compact bylaws (superior rule),None; preserve in member-adopted bylaws.,Do not duplicate operative wording below; lower instruments should cross-reference and implement only.,"ordinary operation; preserve actor, trigger, threshold, record and outcome",BYL
draft/rules_draft.md,제31조(예산·지출·계약) ②,"예산이 성립하지 않은 경우 임원회의는 회계의 찬성을 받아 30일 동안 총 500,000원 한도에서 가예산을 집행하고 즉시 공개하여 최초 예산안에 반영한다. 긴급 지출은 승인 예산 또는 가예산의 범위에서 「SCSC 의사결정 세칙」 제10조에 따라 집행한다.","GA subrule F — finance, funding, assets and contracts","Bylaws must reserve budget/settlement, debt bans, major asset disposition and contract authority, while delegating controls, support eligibility, amounts and evidence rules to a GA-enacted finance subrule.","Subrule must not alter reserved body, quorum, approval threshold, right or sanction fixed by bylaws. Deadline/retention duplicate risk: centralize or cross-reference; do not silently change on relocation.","emergency action, notice, ratification and unwind; no-budget continuity within cap",FIN
draft/rules_draft.md,제31조(예산·지출·계약) ③,"본회는 보유 재원, 확정된 지원 및 승인된 예산의 범위에서만 의무를 부담한다. 차입·보증·담보와 불확실한 장래 수입에 기댄 적자 집행은 금지한다.",Compact bylaws (superior rule),None; preserve in member-adopted bylaws.,Do not duplicate operative wording below; lower instruments should cross-reference and implement only.,no debt/guarantee/collateral,BYL
draft/rules_draft.md,제31조(예산·지출·계약) ④,"임원회의는 계약·약관·후원의 상대방, 목적, 전체 부담, 갱신·종료, 손해배상, 개인정보 및 지식재산에 관한 조건을 사전에 승인한다. 권한을 받은 임원만 승인된 범위에서 계약을 체결하거나 약관·후원을 수락할 수 있다.","GA subrule F — finance, funding, assets and contracts","Bylaws must reserve budget/settlement, debt bans, major asset disposition and contract authority, while delegating controls, support eligibility, amounts and evidence rules to a GA-enacted finance subrule.","Subrule must not alter reserved body, quorum, approval threshold, right or sanction fixed by bylaws. Privacy/secrecy overlap: align with privacy policy without weakening purpose limitation or ballot confidentiality.",contract authority and total-obligation review,FIN
draft/rules_draft.md,제32조(회계와 점검) ①,회계는 수입·지출·증빙·잔액·제한 재원을 기록하고 결산을 종강총회 전에 공개하여 승인받는다. 회원은 개인정보를 가린 재정 기록의 열람과 설명을 요구할 수 있다.,"GA subrule F — finance, funding, assets and contracts","Bylaws must reserve budget/settlement, debt bans, major asset disposition and contract authority, while delegating controls, support eligibility, amounts and evidence rules to a GA-enacted finance subrule.","Subrule must not alter reserved body, quorum, approval threshold, right or sanction fixed by bylaws. Privacy/secrecy overlap: align with privacy policy without weakening purpose limitation or ballot confidentiality.",restricted funds,FIN
draft/rules_draft.md,제32조(회계와 점검) ②,"임원회의는 지급·장부 작성에 관여하지 않은 회원을 학기말 점검자로 정한다. 임원은 점검에 필요한 자료를 제공한다. 점검자는 계좌·장부·표본 증빙·미정산·채무·제한재원과 자산대장을 확인하고, 확인 범위·예외·확인할 수 없는 사항을 결산 승인 7일 전까지 공개한다.","GA subrule F — finance, funding, assets and contracts","Bylaws must reserve budget/settlement, debt bans, major asset disposition and contract authority, while delegating controls, support eligibility, amounts and evidence rules to a GA-enacted finance subrule.","Subrule must not alter reserved body, quorum, approval threshold, right or sanction fixed by bylaws. Deadline/retention duplicate risk: centralize or cross-reference; do not silently change on relocation.","ordinary operation; preserve actor, trigger, threshold, record and outcome",FIN
draft/rules_draft.md,제33조(자산·프로젝트·계정) ①,"외부 지원·계약 조건에서 달리 정하지 않는 한, 구입 비용의 전부 또는 일부를 본회 재원이나 본회가 관리하는 지원금으로 충당한 재사용 물품은 본회 소유로 한다.",Compact bylaws (superior rule),None; preserve in member-adopted bylaws.,Do not duplicate operative wording below; lower instruments should cross-reference and implement only.,contract authority and total-obligation review,BYL
draft/rules_draft.md,제33조(자산·프로젝트·계정) ②,"본회가 기획·승인·지원하거나 본회 계정·저장소·도메인으로 배포한 프로젝트와 산출물은 본회 자산으로 관리한다. 저작재산권의 귀속·양도·이용허락은 법령과 참여자의 서면합의에 따르며, 운영·관리만으로 저작권 이전을 추정하지 않는다.",Compact bylaws (superior rule),None; preserve in member-adopted bylaws.,Do not duplicate operative wording below; lower instruments should cross-reference and implement only.,project IP ownership versus licence,BYL
draft/rules_draft.md,제33조(자산·프로젝트·계정) ③,"본회는 프로젝트 시작 전에 참여자와 제3자의 권리, 본회의 이용권, 공개 조건, 유지관리 및 인계 방법을 정한다. 계속 비용이 드는 서비스는 조직 계정을 사용하고, 개인 명의만 허용되면 명의·회수·이전·갱신·해지 방법을 기록한다.","GA subrule F — finance, funding, assets and contracts","Bylaws must reserve budget/settlement, debt bans, major asset disposition and contract authority, while delegating controls, support eligibility, amounts and evidence rules to a GA-enacted finance subrule.","Subrule must not alter reserved body, quorum, approval threshold, right or sanction fixed by bylaws.",person-named account recovery/transfer; handover and access revocation,FIN
draft/rules_draft.md,제33조(자산·프로젝트·계정) ④,물품·프로젝트·계정·구독은 대장으로 관리하고 핵심 계정에는 특정 개인의 협조 없이 이용할 수 있는 복구 수단과 백업을 둔다. 관리자와 회계는 매 학기 접근·복구 가능성을 시험한다.,"GA subrule F — finance, funding, assets and contracts","Bylaws must reserve budget/settlement, debt bans, major asset disposition and contract authority, while delegating controls, support eligibility, amounts and evidence rules to a GA-enacted finance subrule.","Subrule must not alter reserved body, quorum, approval threshold, right or sanction fixed by bylaws.",tested account recovery and backup,FIN
draft/rules_draft.md,제33조(자산·프로젝트·계정) ⑤,자산과 권리는 본회의 목적을 위하여 공정한 조건으로만 처분한다. 개인에 대한 무상 또는 객관적 가치보다 낮은 대가의 이전은 금지한다. 다만 총회가 승인한 예산과 사전에 공개한 객관적 기준에 따른 소모품·장려금·상품은 예외로 한다.,Compact bylaws (superior rule),None; preserve in member-adopted bylaws.,Do not duplicate operative wording below; lower instruments should cross-reference and implement only.,"ordinary operation; preserve actor, trigger, threshold, record and outcome",BYL
draft/rules_draft.md,제33조(자산·프로젝트·계정) ⑥,"객관적 가치가 300,000원을 넘는 자산, 핵심 계정·프로젝트 권리 또는 세무단체 명의 재산의 처분은 독립적인 가치 근거를 확보하여 총회의 사전 승인을 받는다. 동일인이나 동일 목적의 관련 처분은 합산하며 분할하여 승인 절차를 피할 수 없다.",Compact bylaws (superior rule),None; preserve in member-adopted bylaws.,Do not duplicate operative wording below; lower instruments should cross-reference and implement only. Conflict/independence safeguard must remain attached to the decision it constrains.,tax classification/filing continuity,BYL
draft/rules_draft.md,제33조(자산·프로젝트·계정) ⑦,수령인과 이해관계자는 제안·심사·의결·가치평가에서 회피한다. 처분할 때에는 대상·가치·대가·사유·조건을 기록한다.,"GA subrule F — finance, funding, assets and contracts","Bylaws must reserve budget/settlement, debt bans, major asset disposition and contract authority, while delegating controls, support eligibility, amounts and evidence rules to a GA-enacted finance subrule.","Subrule must not alter reserved body, quorum, approval threshold, right or sanction fixed by bylaws. Conflict/independence safeguard must remain attached to the decision it constrains.",conflicted decision-maker fallback,FIN
draft/rules_draft.md,제33조(자산·프로젝트·계정) ⑧,프로젝트 관련 권리를 이전하면 법령상 가능한 범위에서 교육·유지·기록을 위한 무상·비독점적 이용권을 본회에 남긴다.,"GA subrule F — finance, funding, assets and contracts","Bylaws must reserve budget/settlement, debt bans, major asset disposition and contract authority, while delegating controls, support eligibility, amounts and evidence rules to a GA-enacted finance subrule.","Subrule must not alter reserved body, quorum, approval threshold, right or sanction fixed by bylaws.","ordinary operation; preserve actor, trigger, threshold, record and outcome",FIN
draft/rules_draft.md,제33조(자산·프로젝트·계정) ⑨,활동이나 직무가 끝나면 본회 자산과 접근 권한을 반환·인계한다.,"GA subrule F — finance, funding, assets and contracts","Bylaws must reserve budget/settlement, debt bans, major asset disposition and contract authority, while delegating controls, support eligibility, amounts and evidence rules to a GA-enacted finance subrule.","Subrule must not alter reserved body, quorum, approval threshold, right or sanction fixed by bylaws.",handover and access revocation,FIN
draft/rules_draft.md,제33조(자산·프로젝트·계정) ⑩,본회의 명칭·로고·공식 계정으로 대표 행위·계약·후원 제안·공식 배포를 하려면 사전 승인을 받는다.,"GA subrule F — finance, funding, assets and contracts","Bylaws must reserve budget/settlement, debt bans, major asset disposition and contract authority, while delegating controls, support eligibility, amounts and evidence rules to a GA-enacted finance subrule.","Subrule must not alter reserved body, quorum, approval threshold, right or sanction fixed by bylaws.",contract authority and total-obligation review,FIN
draft/rules_draft.md,제34조(SIG·PIG) ①,SIG는 공동의 관심사를 중심으로 지속적으로 활동하는 모임이다.,Compact bylaws (superior rule),None; preserve in member-adopted bylaws.,Do not duplicate operative wording below; lower instruments should cross-reference and implement only.,"ordinary operation; preserve actor, trigger, threshold, record and outcome",BYL
draft/rules_draft.md,제34조(SIG·PIG) ②,"SIG는 프로젝트를 수행하는 PIG, 그 밖의 컴퓨터 관련 SIG와 소모임 SIG로 구분한다.",Compact bylaws (superior rule),None; preserve in member-adopted bylaws.,Do not duplicate operative wording below; lower instruments should cross-reference and implement only.,"ordinary operation; preserve actor, trigger, threshold, record and outcome",BYL
draft/rules_draft.md,제34조(SIG·PIG) ③,회원은 SIG를 개설하거나 가입할 수 있다. 분류·지원 및 신청 절차는 세칙·운영방침으로 정한다.,"Delegated policy A — SIG, PIG, event and competition administration","Bylaws must preserve activity rights and non-coercion; finance/activity subrules should delegate classifications, semester schedules, application tools and recurring-list administration to executive policy.","Policy must cite exact superior delegation and may not add eligibility, fees, rights limits, sanctions or spending authority.","ordinary operation; preserve actor, trigger, threshold, record and outcome",ACT
draft/rules_draft.md,제35조(세미나·행사·대회) ①,회원은 세미나를 제안·개최할 수 있고 누구도 MT 참여를 강제할 수 없다. 본회의 목적에 맞는 대회와 행사는 승인 예산 안에서 지원할 수 있다.,Compact bylaws (superior rule),None; preserve in member-adopted bylaws.,Do not duplicate operative wording below; lower instruments should cross-reference and implement only.,"ordinary operation; preserve actor, trigger, threshold, record and outcome",BYL
draft/rules_draft.md,제35조(세미나·행사·대회) ②,"임원회의는 숙박·단체 이동 등 일상보다 위험한 행사의 책임자, 이동·비상 대응·접근성, 학교 신고 및 보험의 필요성, 취소 기준을 담은 안전 계획을 사전에 승인한다. 건강·장애·비상 연락 정보는 자발적으로 최소한만 수집하고 필요가 끝나면 삭제한다.","Delegated policy A — SIG, PIG, event and competition administration","Bylaws must preserve activity rights and non-coercion; finance/activity subrules should delegate classifications, semester schedules, application tools and recurring-list administration to executive policy.","Policy must cite exact superior delegation and may not add eligibility, fees, rights limits, sanctions or spending authority.",safe intake and external-reporting option; high-risk event safety/insurance/school checks,ACT
draft/rules_draft.md,제36조(공간 관리),임원진은 동아리방과 공동시설을 안전하고 청결하게 관리한다.,"Operations manual — accounts, handover, safety and routine controls","A superior bylaw/subrule must impose the duty and authorize routine implementation; a manual may not create approval power, sanctions, monetary ceilings or member duties.",Do not let a checklist field become the sole source of a duty or authority.,"ordinary operation; preserve actor, trigger, threshold, record and outcome",MAN
draft/rules_draft.md,제37조(징계) ①,본회는 회원이나 OB가 제2항부터 제4항까지의 행위를 하면 징계할 수 있다.,Compact bylaws (superior rule),None; preserve in member-adopted bylaws.,Do not duplicate operative wording below; lower instruments should cross-reference and implement only.,discipline due process and proportional sanctions,BYL
draft/rules_draft.md,제37조(징계) ②,폭력·괴롭힘·차별·성적 침해·스토킹·보복 또는 직책을 이용한 강요·권리행사 방해는 징계 사유이다.,Compact bylaws (superior rule),None; preserve in member-adopted bylaws.,Do not duplicate operative wording below; lower instruments should cross-reference and implement only.,discipline due process and proportional sanctions; anti-retaliation,BYL
draft/rules_draft.md,제37조(징계) ③,회계 부정·자산 손괴·정보 유출 또는 무권한 대표행위·계약·계정 조작은 징계 사유이다.,Compact bylaws (superior rule),None; preserve in member-adopted bylaws.,Do not duplicate operative wording below; lower instruments should cross-reference and implement only.,discipline due process and proportional sanctions; contract authority and total-obligation review,BYL
draft/rules_draft.md,제37조(징계) ④,"권한 남용·이해충돌 은폐·기록 조작·조사 방해·증거 훼손, 반복적인 직무 태만 또는 인계 거부는 징계 사유이다. 그 밖의 규정·의결 위반은 고의나 중대한 과실로 회원의 권리·안전, 자산·정보 또는 의사결정의 공정성에 구체적인 중대 위험을 일으킨 경우에 한한다.",Compact bylaws (superior rule),None; preserve in member-adopted bylaws.,Do not duplicate operative wording below; lower instruments should cross-reference and implement only.,discipline due process and proportional sanctions; handover and access revocation,BYL
draft/rules_draft.md,제37조(징계) ⑤,"징계는 행위의 반복성 또는 고의성, 권한 범위, 정보·자산의 민감성, 피해와 위험을 고려하여 중대한 경우에 한한다.",Compact bylaws (superior rule),None; preserve in member-adopted bylaws.,Do not duplicate operative wording below; lower instruments should cross-reference and implement only.,discipline due process and proportional sanctions,BYL
draft/rules_draft.md,제37조(징계) ⑥,단순 착오는 안전·증거 보전에 지장이 없으면 먼저 시정하게 한다.,Compact bylaws (superior rule),None; preserve in member-adopted bylaws.,Do not duplicate operative wording below; lower instruments should cross-reference and implement only.,"ordinary operation; preserve actor, trigger, threshold, record and outcome",BYL
draft/rules_draft.md,제37조(징계) ⑦,"회원에게는 경고, 활동·시설·계정 제한, 직무 정지, 손해 회복 또는 제명을 할 수 있다. OB에게는 경고, 접근·행사 제한 또는 자격 취소를 할 수 있다.",Compact bylaws (superior rule),None; preserve in member-adopted bylaws.,Do not duplicate operative wording below; lower instruments should cross-reference and implement only.,"ordinary operation; preserve actor, trigger, threshold, record and outcome",BYL
draft/rules_draft.md,제37조(징계) ⑧,제재는 행위와 위험에 비례해야 한다.,Compact bylaws (superior rule),None; preserve in member-adopted bylaws.,Do not duplicate operative wording below; lower instruments should cross-reference and implement only.,"ordinary operation; preserve actor, trigger, threshold, record and outcome",BYL
draft/rules_draft.md,제38조(신고와 심사) ①,회원과 OB는 사실이나 자료를 들어 심사 또는 보호를 요청할 수 있다.,"GA subrule D — conduct, protection, discipline and review","Bylaws must define protected rights, sanction types, final decision bodies and appeal/review entitlement, and expressly delegate intake, interim protection, investigation, deadlines and review procedure to a GA-enacted disciplinary subrule.","Subrule must not alter reserved body, quorum, approval threshold, right or sanction fixed by bylaws.","ordinary operation; preserve actor, trigger, threshold, record and outcome",DISC
draft/rules_draft.md,제38조(신고와 심사) ②,임원회의는 매 학기 회장·부회장과 이해관계가 없는 회원 네 명 이상을 우선순위가 정해진 대체 접수자로 지정하고 비공개 연락 방법을 공고한다.,"GA subrule D — conduct, protection, discipline and review","Bylaws must define protected rights, sanction types, final decision bodies and appeal/review entitlement, and expressly delegate intake, interim protection, investigation, deadlines and review procedure to a GA-enacted disciplinary subrule.","Subrule must not alter reserved body, quorum, approval threshold, right or sanction fixed by bylaws. Threshold/denominator duplicate risk: keep one authoritative statement and test every cross-reference. Privacy/secrecy overlap: align with privacy policy without weakening purpose limitation or ballot confidentiality. Conflict/independence safeguard must remain attached to the decision it constrains.",conflicted decision-maker fallback,DISC
draft/rules_draft.md,제38조(신고와 심사) ③,회장이 사건의 이해관계자나 피신고인이거나 직무를 수행할 수 없으면 부회장이 접수한다.,"GA subrule D — conduct, protection, discipline and review","Bylaws must define protected rights, sanction types, final decision bodies and appeal/review entitlement, and expressly delegate intake, interim protection, investigation, deadlines and review procedure to a GA-enacted disciplinary subrule.","Subrule must not alter reserved body, quorum, approval threshold, right or sanction fixed by bylaws. Conflict/independence safeguard must remain attached to the decision it constrains.",incapacity fallback; conflicted decision-maker fallback; safe intake and external-reporting option,DISC
draft/rules_draft.md,제38조(신고와 심사) ④,회장과 부회장이 모두 제3항의 사유에 해당하면 우선순위가 높은 대체 접수자 두 명이 공동으로 접수한다.,"GA subrule D — conduct, protection, discipline and review","Bylaws must define protected rights, sanction types, final decision bodies and appeal/review entitlement, and expressly delegate intake, interim protection, investigation, deadlines and review procedure to a GA-enacted disciplinary subrule.","Subrule must not alter reserved body, quorum, approval threshold, right or sanction fixed by bylaws. Threshold/denominator duplicate risk: keep one authoritative statement and test every cross-reference.","ordinary operation; preserve actor, trigger, threshold, record and outcome",DISC
draft/rules_draft.md,제38조(신고와 심사) ⑤,직무를 수행할 수 있는 대체 접수자가 두 명 미만이면 신고자는 사건 내용을 밝히지 않고 관리자 또는 이해관계가 없는 회원에게 임시 접수자를 선임하기 위한 총회의 소집만 요청할 수 있다.,"GA subrule D — conduct, protection, discipline and review","Bylaws must define protected rights, sanction types, final decision bodies and appeal/review entitlement, and expressly delegate intake, interim protection, investigation, deadlines and review procedure to a GA-enacted disciplinary subrule.","Subrule must not alter reserved body, quorum, approval threshold, right or sanction fixed by bylaws. Threshold/denominator duplicate risk: keep one authoritative statement and test every cross-reference. Conflict/independence safeguard must remain attached to the decision it constrains.",conflicted decision-maker fallback; safe intake and external-reporting option,DISC
draft/rules_draft.md,제38조(신고와 심사) ⑥,요청받은 사람은 7일 안에 총회를 소집한다. 총회는 사건 내용을 공개하지 않은 채 임시 접수자 두 명을 무기명으로 선임한다.,"GA subrule D — conduct, protection, discipline and review","Bylaws must define protected rights, sanction types, final decision bodies and appeal/review entitlement, and expressly delegate intake, interim protection, investigation, deadlines and review procedure to a GA-enacted disciplinary subrule.","Subrule must not alter reserved body, quorum, approval threshold, right or sanction fixed by bylaws. Threshold/denominator duplicate risk: keep one authoritative statement and test every cross-reference. Deadline/retention duplicate risk: centralize or cross-reference; do not silently change on relocation. Privacy/secrecy overlap: align with privacy policy without weakening purpose limitation or ballot confidentiality.","ordinary operation; preserve actor, trigger, threshold, record and outcome",DISC
draft/rules_draft.md,제38조(신고와 심사) ⑦,접수자는 7일 안에 개시·각하·외부기관 이관을 통지하고 중립적인 심사자 후보를 제안한다.,"GA subrule D — conduct, protection, discipline and review","Bylaws must define protected rights, sanction types, final decision bodies and appeal/review entitlement, and expressly delegate intake, interim protection, investigation, deadlines and review procedure to a GA-enacted disciplinary subrule.","Subrule must not alter reserved body, quorum, approval threshold, right or sanction fixed by bylaws. Deadline/retention duplicate risk: centralize or cross-reference; do not silently change on relocation.","ordinary operation; preserve actor, trigger, threshold, record and outcome",DISC
draft/rules_draft.md,제38조(신고와 심사) ⑧,각하는 새 자료에 따른 재신고를 막지 않는다.,"GA subrule D — conduct, protection, discipline and review","Bylaws must define protected rights, sanction types, final decision bodies and appeal/review entitlement, and expressly delegate intake, interim protection, investigation, deadlines and review procedure to a GA-enacted disciplinary subrule.","Subrule must not alter reserved body, quorum, approval threshold, right or sanction fixed by bylaws.",safe intake and external-reporting option,DISC
draft/rules_draft.md,제38조(신고와 심사) ⑨,이해관계자를 제외한 임원회의가 심사자를 선임한다. 적격 임원이 두 명 미만이면 총회가 선임한다.,"GA subrule D — conduct, protection, discipline and review","Bylaws must define protected rights, sanction types, final decision bodies and appeal/review entitlement, and expressly delegate intake, interim protection, investigation, deadlines and review procedure to a GA-enacted disciplinary subrule.","Subrule must not alter reserved body, quorum, approval threshold, right or sanction fixed by bylaws. Threshold/denominator duplicate risk: keep one authoritative statement and test every cross-reference. Conflict/independence safeguard must remain attached to the decision it constrains.",conflicted decision-maker fallback,DISC
draft/rules_draft.md,제38조(신고와 심사) ⑩,심사자는 30일 안에 보고한다. 불가피하면 한 차례만 30일 이내의 범위에서 연장할 수 있다.,"GA subrule D — conduct, protection, discipline and review","Bylaws must define protected rights, sanction types, final decision bodies and appeal/review entitlement, and expressly delegate intake, interim protection, investigation, deadlines and review procedure to a GA-enacted disciplinary subrule.","Subrule must not alter reserved body, quorum, approval threshold, right or sanction fixed by bylaws. Deadline/retention duplicate risk: centralize or cross-reference; do not silently change on relocation.","ordinary operation; preserve actor, trigger, threshold, record and outcome",DISC
draft/rules_draft.md,제38조(신고와 심사) ⑪,"접수자는 보고서를 3일 안에 결정기구에 회부하고, 결정기구는 21일 안에 결정한다.","GA subrule D — conduct, protection, discipline and review","Bylaws must define protected rights, sanction types, final decision bodies and appeal/review entitlement, and expressly delegate intake, interim protection, investigation, deadlines and review procedure to a GA-enacted disciplinary subrule.","Subrule must not alter reserved body, quorum, approval threshold, right or sanction fixed by bylaws. Deadline/retention duplicate risk: centralize or cross-reference; do not silently change on relocation.","ordinary operation; preserve actor, trigger, threshold, record and outcome",DISC
draft/rules_draft.md,제38조(신고와 심사) ⑫,"불가피하면 이유와 다음 결정일을 알리고, 한 차례에 한하여 21일 이내의 범위에서 연장할 수 있다.","GA subrule D — conduct, protection, discipline and review","Bylaws must define protected rights, sanction types, final decision bodies and appeal/review entitlement, and expressly delegate intake, interim protection, investigation, deadlines and review procedure to a GA-enacted disciplinary subrule.","Subrule must not alter reserved body, quorum, approval threshold, right or sanction fixed by bylaws. Deadline/retention duplicate risk: centralize or cross-reference; do not silently change on relocation.","ordinary operation; preserve actor, trigger, threshold, record and outcome",DISC
draft/rules_draft.md,제38조(신고와 심사) ⑬,대상자에게 구체적 사유·자료·가능한 제재와 소명 기회를 제공한다.,"GA subrule D — conduct, protection, discipline and review","Bylaws must define protected rights, sanction types, final decision bodies and appeal/review entitlement, and expressly delegate intake, interim protection, investigation, deadlines and review procedure to a GA-enacted disciplinary subrule.","Subrule must not alter reserved body, quorum, approval threshold, right or sanction fixed by bylaws.","ordinary operation; preserve actor, trigger, threshold, record and outcome",DISC
draft/rules_draft.md,제38조(신고와 심사) ⑭,보복을 금지한다. 신원·자료는 안전·방어·사실 확인에 필요한 범위에서만 공유한다.,"GA subrule D — conduct, protection, discipline and review","Bylaws must define protected rights, sanction types, final decision bodies and appeal/review entitlement, and expressly delegate intake, interim protection, investigation, deadlines and review procedure to a GA-enacted disciplinary subrule.","Subrule must not alter reserved body, quorum, approval threshold, right or sanction fixed by bylaws.",anti-retaliation,DISC
draft/rules_draft.md,제38조(신고와 심사) ⑮,접수자와 이해관계 없는 임원 한 명은 임박한 안전 위험이나 증거 훼손을 막는 최소한의 조치를 공동으로 결정할 수 있다. 해당 임원이 없으면 대체 접수자 두 명이 결정한다.,"GA subrule D — conduct, protection, discipline and review","Bylaws must define protected rights, sanction types, final decision bodies and appeal/review entitlement, and expressly delegate intake, interim protection, investigation, deadlines and review procedure to a GA-enacted disciplinary subrule.","Subrule must not alter reserved body, quorum, approval threshold, right or sanction fixed by bylaws. Threshold/denominator duplicate risk: keep one authoritative statement and test every cross-reference. Conflict/independence safeguard must remain attached to the decision it constrains.",conflicted decision-maker fallback,DISC
draft/rules_draft.md,제38조(신고와 심사) ⑯,결정자는 사유·범위·기간을 당사자에게 알리고 7일마다 같은 방식으로 재검토한다.,"GA subrule D — conduct, protection, discipline and review","Bylaws must define protected rights, sanction types, final decision bodies and appeal/review entitlement, and expressly delegate intake, interim protection, investigation, deadlines and review procedure to a GA-enacted disciplinary subrule.","Subrule must not alter reserved body, quorum, approval threshold, right or sanction fixed by bylaws. Deadline/retention duplicate risk: centralize or cross-reference; do not silently change on relocation.",independent reconsideration,DISC
draft/rules_draft.md,제38조(신고와 심사) ⑰,"보호조치는 30일을 넘길 수 없다. 연장이 필요하면 당사자에게 의견 기회를 준 뒤 원조치에 참여하지 않은 이해관계 없는 결정기구가 한 차례 30일 이내로 승인하며, 추가 연장은 총회가 정한다.","GA subrule D — conduct, protection, discipline and review","Bylaws must define protected rights, sanction types, final decision bodies and appeal/review entitlement, and expressly delegate intake, interim protection, investigation, deadlines and review procedure to a GA-enacted disciplinary subrule.","Subrule must not alter reserved body, quorum, approval threshold, right or sanction fixed by bylaws. Deadline/retention duplicate risk: centralize or cross-reference; do not silently change on relocation. Conflict/independence safeguard must remain attached to the decision it constrains.","conflicted decision-maker fallback; interim protection, review and expiry",DISC
draft/rules_draft.md,제38조(신고와 심사) ⑱,당사자는 언제든 축소·해제를 요청할 수 있고 원조치에 참여하지 않은 사람이 7일 안에 결정한다.,"GA subrule D — conduct, protection, discipline and review","Bylaws must define protected rights, sanction types, final decision bodies and appeal/review entitlement, and expressly delegate intake, interim protection, investigation, deadlines and review procedure to a GA-enacted disciplinary subrule.","Subrule must not alter reserved body, quorum, approval threshold, right or sanction fixed by bylaws. Deadline/retention duplicate risk: centralize or cross-reference; do not silently change on relocation.","ordinary operation; preserve actor, trigger, threshold, record and outcome",DISC
draft/rules_draft.md,제38조(신고와 심사) ⑲,외부기관 이관은 보호조치의 기한과 재검토를 정지시키지 않는다.,"GA subrule D — conduct, protection, discipline and review","Bylaws must define protected rights, sanction types, final decision bodies and appeal/review entitlement, and expressly delegate intake, interim protection, investigation, deadlines and review procedure to a GA-enacted disciplinary subrule.","Subrule must not alter reserved body, quorum, approval threshold, right or sanction fixed by bylaws.","interim protection, review and expiry; independent reconsideration",DISC
draft/rules_draft.md,제38조(신고와 심사) ⑳,이 절차는 학교·수사·긴급기관의 지원을 받을 권리를 제한하지 않는다.,"GA subrule D — conduct, protection, discipline and review","Bylaws must define protected rights, sanction types, final decision bodies and appeal/review entitlement, and expressly delegate intake, interim protection, investigation, deadlines and review procedure to a GA-enacted disciplinary subrule.","Subrule must not alter reserved body, quorum, approval threshold, right or sanction fixed by bylaws.","emergency action, notice, ratification and unwind",DISC
draft/rules_draft.md,제39조(결정과 재검토) ①,"임원회의는 경고, 해당 학기 내의 활동·시설·계정 제한 및 OB 징계를 무기명으로 결정한다.","GA subrule D — conduct, protection, discipline and review","Bylaws must define protected rights, sanction types, final decision bodies and appeal/review entitlement, and expressly delegate intake, interim protection, investigation, deadlines and review procedure to a GA-enacted disciplinary subrule.","Subrule must not alter reserved body, quorum, approval threshold, right or sanction fixed by bylaws. Privacy/secrecy overlap: align with privacy policy without weakening purpose limitation or ballot confidentiality.",discipline due process and proportional sanctions,DISC
draft/rules_draft.md,제39조(결정과 재검토) ②,"총회는 직무 정지·손해 회복·제명을 무기명으로 결정하고, 제명은 특별의결로 한다.","GA subrule D — conduct, protection, discipline and review","Bylaws must define protected rights, sanction types, final decision bodies and appeal/review entitlement, and expressly delegate intake, interim protection, investigation, deadlines and review procedure to a GA-enacted disciplinary subrule.","Subrule must not alter reserved body, quorum, approval threshold, right or sanction fixed by bylaws. Privacy/secrecy overlap: align with privacy policy without weakening purpose limitation or ballot confidentiality.","ordinary operation; preserve actor, trigger, threshold, record and outcome",DISC
draft/rules_draft.md,제39조(결정과 재검토) ③,결정은 인정 사실·근거·제재·기간·재검토 방법을 적어 당사자에게 통지한다.,"GA subrule D — conduct, protection, discipline and review","Bylaws must define protected rights, sanction types, final decision bodies and appeal/review entitlement, and expressly delegate intake, interim protection, investigation, deadlines and review procedure to a GA-enacted disciplinary subrule.","Subrule must not alter reserved body, quorum, approval threshold, right or sanction fixed by bylaws.",independent reconsideration,DISC
draft/rules_draft.md,제39조(결정과 재검토) ④,종료일이 없는 일시 제재는 학기 말에 끝난다. 제명·손해 회복·자산 반환은 효력을 유지한다.,"GA subrule D — conduct, protection, discipline and review","Bylaws must define protected rights, sanction types, final decision bodies and appeal/review entitlement, and expressly delegate intake, interim protection, investigation, deadlines and review procedure to a GA-enacted disciplinary subrule.","Subrule must not alter reserved body, quorum, approval threshold, right or sanction fixed by bylaws.","ordinary operation; preserve actor, trigger, threshold, record and outcome",DISC
draft/rules_draft.md,제39조(결정과 재검토) ⑤,"대상자는 제재 통지 후 14일 안에 재검토를 요청할 수 있다. 신고자는 각하·종결 통지 후 14일 안에 재검토를 요청할 수 있다. 재검토 사유는 사실 오류·새 증거·중대한 절차 위반으로 한정하고, 한 차례만 요청할 수 있다.","GA subrule D — conduct, protection, discipline and review","Bylaws must define protected rights, sanction types, final decision bodies and appeal/review entitlement, and expressly delegate intake, interim protection, investigation, deadlines and review procedure to a GA-enacted disciplinary subrule.","Subrule must not alter reserved body, quorum, approval threshold, right or sanction fixed by bylaws. Deadline/retention duplicate risk: centralize or cross-reference; do not silently change on relocation.",safe intake and external-reporting option; independent reconsideration,DISC
draft/rules_draft.md,제39조(결정과 재검토) ⑥,각하·종결은 이해관계자를 제외한 임원회의가 재검토한다.,"GA subrule D — conduct, protection, discipline and review","Bylaws must define protected rights, sanction types, final decision bodies and appeal/review entitlement, and expressly delegate intake, interim protection, investigation, deadlines and review procedure to a GA-enacted disciplinary subrule.","Subrule must not alter reserved body, quorum, approval threshold, right or sanction fixed by bylaws. Conflict/independence safeguard must remain attached to the decision it constrains.",conflicted decision-maker fallback; independent reconsideration,DISC
draft/rules_draft.md,제39조(결정과 재검토) ⑦,"제재 재검토위원회는 제38조제2항의 대체 접수자 중 원결정·심사·보호조치에 참여하지 않았고 이해관계가 없는 사람 세 명을 우선순위에 따라 구성하며, 재검토 사유의 존재를 과반수로 결정한다.","GA subrule D — conduct, protection, discipline and review","Bylaws must define protected rights, sanction types, final decision bodies and appeal/review entitlement, and expressly delegate intake, interim protection, investigation, deadlines and review procedure to a GA-enacted disciplinary subrule.","Subrule must not alter reserved body, quorum, approval threshold, right or sanction fixed by bylaws. Threshold/denominator duplicate risk: keep one authoritative statement and test every cross-reference. Conflict/independence safeguard must remain attached to the decision it constrains.","conflicted decision-maker fallback; interim protection, review and expiry; independent reconsideration",DISC
draft/rules_draft.md,제39조(결정과 재검토) ⑧,재검토 사유가 인정되면 원결정은 효력을 잃고 새 심사자와 결정기구가 다시 심사·결정한다. 제명 등 총회 전속사항은 재검토위원회의 보고를 붙여 새 총회가 다시 결정한다.,"GA subrule D — conduct, protection, discipline and review","Bylaws must define protected rights, sanction types, final decision bodies and appeal/review entitlement, and expressly delegate intake, interim protection, investigation, deadlines and review procedure to a GA-enacted disciplinary subrule.","Subrule must not alter reserved body, quorum, approval threshold, right or sanction fixed by bylaws.",independent reconsideration,DISC
draft/rules_draft.md,제39조(결정과 재검토) ⑨,제6항의 임원회의와 제7항의 재검토위원회는 요청일부터 21일 안에 이유와 결과를 통지한다. 적격 위원이 세 명 미만이면 총회가 외부의 중립적 조력자를 포함하여 부족한 위원을 정한다.,"GA subrule D — conduct, protection, discipline and review","Bylaws must define protected rights, sanction types, final decision bodies and appeal/review entitlement, and expressly delegate intake, interim protection, investigation, deadlines and review procedure to a GA-enacted disciplinary subrule.","Subrule must not alter reserved body, quorum, approval threshold, right or sanction fixed by bylaws. Threshold/denominator duplicate risk: keep one authoritative statement and test every cross-reference. Deadline/retention duplicate risk: centralize or cross-reference; do not silently change on relocation.",independent reconsideration,DISC
draft/rules_draft.md,제39조(결정과 재검토) ⑩,재검토는 원결정의 효력을 정지하지 않는다. 다만 회복하기 어려운 손해나 중대한 절차 하자가 예상되면 제6항의 임원회의나 제7항의 재검토위원회는 필요한 범위에서 효력을 임시 정지할 수 있다.,"GA subrule D — conduct, protection, discipline and review","Bylaws must define protected rights, sanction types, final decision bodies and appeal/review entitlement, and expressly delegate intake, interim protection, investigation, deadlines and review procedure to a GA-enacted disciplinary subrule.","Subrule must not alter reserved body, quorum, approval threshold, right or sanction fixed by bylaws.",independent reconsideration,DISC
draft/rules_draft.md,제39조(결정과 재검토) ⑪,손해 회복은 객관적인 자료로 확인한 직접 손해와 합리적인 감가로 한정하고 산정 내역을 당사자에게 알린다. 책임이나 금액에 다툼이 있으면 서면 합의 또는 권한 있는 외부 절차의 확정 전에는 징수·상계하거나 다른 회원권의 조건으로 삼을 수 없다.,"GA subrule D — conduct, protection, discipline and review","Bylaws must define protected rights, sanction types, final decision bodies and appeal/review entitlement, and expressly delegate intake, interim protection, investigation, deadlines and review procedure to a GA-enacted disciplinary subrule.","Subrule must not alter reserved body, quorum, approval threshold, right or sanction fixed by bylaws.","ordinary operation; preserve actor, trigger, threshold, record and outcome",DISC
draft/rules_draft.md,제40조(회장 불신임·탄핵) ①,회장을 제외한 재적 임원은 회장이 중대한 비위나 반복적 직무 태만으로 신뢰를 잃은 경우 재적 임원 과반수의 참여와 참여자 과반수의 찬성으로 불신임·탄핵안을 발의할 수 있다.,Compact bylaws (superior rule),None; preserve in member-adopted bylaws.,Do not duplicate operative wording below; lower instruments should cross-reference and implement only. Threshold/denominator duplicate risk: keep one authoritative statement and test every cross-reference.,"ordinary operation; preserve actor, trigger, threshold, record and outcome",BYL
draft/rules_draft.md,제40조(회장 불신임·탄핵) ②,직무대행자가 불신임·탄핵 절차를 진행한다.,Compact bylaws (superior rule),None; preserve in member-adopted bylaws.,Do not duplicate operative wording below; lower instruments should cross-reference and implement only.,"ordinary operation; preserve actor, trigger, threshold, record and outcome",BYL
draft/rules_draft.md,제40조(회장 불신임·탄핵) ③,총회는 회장에게 소명 기회를 준 뒤 무기명 특별의결로 결정한다.,Compact bylaws (superior rule),None; preserve in member-adopted bylaws.,Do not duplicate operative wording below; lower instruments should cross-reference and implement only. Privacy/secrecy overlap: align with privacy policy without weakening purpose limitation or ballot confidentiality.,"ordinary operation; preserve actor, trigger, threshold, record and outcome",BYL
draft/rules_draft.md,제40조(회장 불신임·탄핵) ④,불신임·탄핵안이 가결되면 회장은 즉시 회장직을 상실한다.,Compact bylaws (superior rule),None; preserve in member-adopted bylaws.,Do not duplicate operative wording below; lower instruments should cross-reference and implement only.,"ordinary operation; preserve actor, trigger, threshold, record and outcome",BYL
draft/rules_draft.md,제40조(회장 불신임·탄핵) ⑤,다른 임원의 해임은 제14조에 따른다.,Compact bylaws (superior rule),None; preserve in member-adopted bylaws.,Do not duplicate operative wording below; lower instruments should cross-reference and implement only.,"ordinary operation; preserve actor, trigger, threshold, record and outcome",BYL
draft/rules_draft.md,제41조(세칙),"총회는 「SCSC 의사결정 세칙」, 「SCSC 지원금 및 재정집행 세칙」과 「법인으로 보는 단체 SCSC 운영 세칙」을 둔다.",Compact bylaws (superior rule),None; preserve in member-adopted bylaws.,Do not duplicate operative wording below; lower instruments should cross-reference and implement only.,"ordinary operation; preserve actor, trigger, threshold, record and outcome",BYL
draft/rules_draft.md,제42조(개정) ①,임원회의 또는 회원발의 정족수를 충족한 회원은 개정을 발의할 수 있다. 발의자는 현행 조문·개정 조문·이유·시행일·경과 조치를 총회 7일 전까지 공고해야 한다.,Compact bylaws (superior rule),None; preserve in member-adopted bylaws.,Do not duplicate operative wording below; lower instruments should cross-reference and implement only. Deadline/retention duplicate risk: centralize or cross-reference; do not silently change on relocation.,"ordinary operation; preserve actor, trigger, threshold, record and outcome",BYL
draft/rules_draft.md,제42조(개정) ②,총회가 특별의결로 개정안을 의결하면 회장이 전문과 이력을 공포한다.,Compact bylaws (superior rule),None; preserve in member-adopted bylaws.,Do not duplicate operative wording below; lower instruments should cross-reference and implement only.,"ordinary operation; preserve actor, trigger, threshold, record and outcome",BYL
draft/rules_draft.md,제43조(해산과 청산) ①,해산 총회는 해산일·청산 담당자·기간과 처리 원칙을 정한다.,Compact bylaws (superior rule),None; preserve in member-adopted bylaws.,Do not duplicate operative wording below; lower instruments should cross-reference and implement only.,dissolution and recipient fallback,BYL
draft/rules_draft.md,제43조(해산과 청산) ②,총회가 청산 담당자를 정하지 않으면 회장과 회계가 공동으로 담당한다.,Compact bylaws (superior rule),None; preserve in member-adopted bylaws.,Do not duplicate operative wording below; lower instruments should cross-reference and implement only.,"ordinary operation; preserve actor, trigger, threshold, record and outcome",BYL
draft/rules_draft.md,제43조(해산과 청산) ③,회장이나 회계가 직무를 수행할 수 없거나 이해관계가 있으면 임원회의가 대체 청산 담당자를 정한다. 적격 임원이 두 명 미만이면 총회가 정한다.,Compact bylaws (superior rule),None; preserve in member-adopted bylaws.,Do not duplicate operative wording below; lower instruments should cross-reference and implement only. Threshold/denominator duplicate risk: keep one authoritative statement and test every cross-reference. Conflict/independence safeguard must remain attached to the decision it constrains.,incapacity fallback; conflicted decision-maker fallback,BYL
draft/rules_draft.md,제43조(해산과 청산) ④,청산 담당자는 자산·계정·계약·채권·채무·제한 재원·세금·개인정보를 정리하고 필요한 신고를 한다.,Compact bylaws (superior rule),None; preserve in member-adopted bylaws.,Do not duplicate operative wording below; lower instruments should cross-reference and implement only. Privacy/secrecy overlap: align with privacy policy without weakening purpose limitation or ballot confidentiality.,safe intake and external-reporting option; contract authority and total-obligation review; restricted funds,BYL
draft/rules_draft.md,제43조(해산과 청산) ⑤,청산 담당자는 수입·지출·처분·이전 대상·완료일을 적은 최종 보고를 공개한다.,Compact bylaws (superior rule),None; preserve in member-adopted bylaws.,Do not duplicate operative wording below; lower instruments should cross-reference and implement only.,"ordinary operation; preserve actor, trigger, threshold, record and outcome",BYL
draft/rules_draft.md,제43조(해산과 청산) ⑥,제한 재산은 그 조건에 따라 처리한다. 나머지 재산은 회원에게 분배하지 않고 총회가 정한 유사 목적 비영리단체 또는 서울대학교 학생단체에 이전한다.,Compact bylaws (superior rule),None; preserve in member-adopted bylaws.,Do not duplicate operative wording below; lower instruments should cross-reference and implement only.,"ordinary operation; preserve actor, trigger, threshold, record and outcome",BYL
draft/rules_draft.md,제43조(해산과 청산) ⑦,총회가 수령 단체를 정하지 않거나 정한 단체가 수령을 거절하면 청산 담당자가 법령·학교 기준과 본회의 목적에 맞는 단체를 정하고 그 이유를 공개한다.,Compact bylaws (superior rule),None; preserve in member-adopted bylaws.,Do not duplicate operative wording below; lower instruments should cross-reference and implement only.,"ordinary operation; preserve actor, trigger, threshold, record and outcome",BYL
draft/rules_draft.md,제44조(해석) ①,"회장은 집행에 필요한 잠정 해석을 할 수 있고, 그 이유와 적용 범위를 즉시 공개한다. 회원권·선거·징계 또는 총회 성립에 영향을 주는 잠정 해석은 14일 안에 총회의 확인을 받지 않으면 효력을 잃는다. 총회는 잠정 해석을 변경할 수 있다.",Compact bylaws (superior rule),None; preserve in member-adopted bylaws.,Do not duplicate operative wording below; lower instruments should cross-reference and implement only. Deadline/retention duplicate risk: centralize or cross-reference; do not silently change on relocation.,"election eligibility, secrecy, verification, deadlock and challenge; discipline due process and proportional sanctions",BYL
draft/rules_draft.md,제44조(해석) ②,미비 사항은 규정 체계·본회의 목적·회원의 권리에 맞게 해석한다.,Compact bylaws (superior rule),None; preserve in member-adopted bylaws.,Do not duplicate operative wording below; lower instruments should cross-reference and implement only.,"ordinary operation; preserve actor, trigger, threshold, record and outcome",BYL
draft/rules_draft.md,제44조(해석) ③,"제2항에 따라서도 정하기 어려운 사항은 상위 규정과 회원의 권리에 반하지 않는 범위에서 유사한 학생단체의 통상적인 운영 기준, 본회의 확립된 관례, 일반적인 상식과 사회 통념을 차례로 고려한다.",Compact bylaws (superior rule),None; preserve in member-adopted bylaws.,Do not duplicate operative wording below; lower instruments should cross-reference and implement only.,"ordinary operation; preserve actor, trigger, threshold, record and outcome",BYL
draft/rules_draft.md,제44조(해석) ④,제3항의 기준만으로 회원의 권리를 제한하거나 새로운 의무·권한·제재를 만들 수 없다.,Compact bylaws (superior rule),None; preserve in member-adopted bylaws.,Do not duplicate operative wording below; lower instruments should cross-reference and implement only.,"ordinary operation; preserve actor, trigger, threshold, record and outcome",BYL
draft/rules_draft.md,제1조(시행일),이 회칙은 2026년 8월 15일부터 시행한다.,Compact bylaws (superior rule),None; preserve in member-adopted bylaws.,Do not duplicate operative wording below; lower instruments should cross-reference and implement only.,"ordinary operation; preserve actor, trigger, threshold, record and outcome",BYL
draft/rules_draft.md,제2조(기존 구성원) ①,시행 당시 OB는 OB로 본다. 해당 학기 등록을 마친 종전 구성원은 재적회원으로 본다.,Compact bylaws (superior rule),None; preserve in member-adopted bylaws.,Do not duplicate operative wording below; lower instruments should cross-reference and implement only.,"ordinary operation; preserve actor, trigger, threshold, record and outcome",BYL
draft/rules_draft.md,제2조(기존 구성원) ②,그 밖의 사람은 제7조에 따라 신청할 수 있다.,Compact bylaws (superior rule),None; preserve in member-adopted bylaws.,Do not duplicate operative wording below; lower instruments should cross-reference and implement only.,"ordinary operation; preserve actor, trigger, threshold, record and outcome",BYL
draft/rules_draft.md,제3조(기존 규정) ①,종전 회칙은 폐지한다.,Compact bylaws (superior rule),None; preserve in member-adopted bylaws.,Do not duplicate operative wording below; lower instruments should cross-reference and implement only.,"ordinary operation; preserve actor, trigger, threshold, record and outcome",BYL
draft/rules_draft.md,제3조(기존 규정) ②,종전 세칙은 새 세칙 시행 전까지 이 회칙에 반하지 않는 범위에서 적용한다. 새 회칙과 세칙은 함께 의결·공포한다.,Compact bylaws (superior rule),None; preserve in member-adopted bylaws.,Do not duplicate operative wording below; lower instruments should cross-reference and implement only.,"ordinary operation; preserve actor, trigger, threshold, record and outcome",BYL
draft/rules_draft.md,제4조(기존 결정과 임원) ①,"시행 당시 종전 규정에 따라 적법하게 이루어진 임명·위임·지정과 그 밖의 결정은 정해진 종료 시점 또는 새 결정으로 대체될 때까지 효력을 유지하되, 이 회칙에 반하는 부분은 시행일부터 적용하지 않는다.",Compact bylaws (superior rule),None; preserve in member-adopted bylaws.,Do not duplicate operative wording below; lower instruments should cross-reference and implement only.,"ordinary operation; preserve actor, trigger, threshold, record and outcome",BYL
draft/rules_draft.md,제4조(기존 결정과 임원) ②,"시행 당시 재직 중인 회장은 제25조에 따라 당선된 것으로, 그 밖의 임원은 제14조제1항에 따라 임명된 것으로 본다. 각자의 임기는 종전 규정에 따라 정해진 날에 끝난다.",Compact bylaws (superior rule),None; preserve in member-adopted bylaws.,Do not duplicate operative wording below; lower instruments should cross-reference and implement only.,"ordinary operation; preserve actor, trigger, threshold, record and outcome",BYL
draft/subrules/A_decision_rules_draft.md,제1조(목적과 적용),"이 세칙은 「SCSC 회칙」 제41조에 따라 총회, 임원회의, 선거, TF 및 징계에 관한 대면·비대면 의사결정 절차를 정한다.","GA subrule G — meetings, decisions, elections and TFs","Bylaws must expressly delegate meeting, voting, election, emergency-decision and TF procedure to a GA-enacted subrule; reserved matters and final thresholds stay in bylaws.","Subrule must not alter reserved body, quorum, approval threshold, right or sanction fixed by bylaws.","election eligibility, secrecy, verification, deadlock and challenge; discipline due process and proportional sanctions",GOV
draft/subrules/A_decision_rules_draft.md,제2조(공식 채널) ①,"임원회의는 의결권자가 접근할 수 있는 주 공식 채널과 하나 이상의 예비 채널을 지정한다. 의결이 유효하려면 권한 있는 회의체가 공식 채널에 안건·선택지·대상·기간·방법·기준을 공고해야 한다. 공식 채널의 시스템 시각을 기준으로 하며, 사적 대화나 구두 합의는 추인 전까지 의결이 아니다.","GA subrule G — meetings, decisions, elections and TFs","Bylaws must expressly delegate meeting, voting, election, emergency-decision and TF procedure to a GA-enacted subrule; reserved matters and final thresholds stay in bylaws.","Subrule must not alter reserved body, quorum, approval threshold, right or sanction fixed by bylaws.",official-channel outage/account compromise,GOV
draft/subrules/A_decision_rules_draft.md,제2조(공식 채널) ②,주 채널에 장애가 발생하면 회장과 관리자가 예비 채널을 활성화한다.,"GA subrule G — meetings, decisions, elections and TFs","Bylaws must expressly delegate meeting, voting, election, emergency-decision and TF procedure to a GA-enacted subrule; reserved matters and final thresholds stay in bylaws.","Subrule must not alter reserved body, quorum, approval threshold, right or sanction fixed by bylaws.",official-channel outage/account compromise,GOV
draft/subrules/A_decision_rules_draft.md,제2조(공식 채널) ③,회장과 관리자 중 한 사람이 직무를 수행할 수 없으면 나머지 사람은 직무대행자 또는 이해관계 없는 임원 한 명과 함께 예비 채널을 활성화한다.,"GA subrule G — meetings, decisions, elections and TFs","Bylaws must expressly delegate meeting, voting, election, emergency-decision and TF procedure to a GA-enacted subrule; reserved matters and final thresholds stay in bylaws.","Subrule must not alter reserved body, quorum, approval threshold, right or sanction fixed by bylaws. Conflict/independence safeguard must remain attached to the decision it constrains.",incapacity fallback; conflicted decision-maker fallback; official-channel outage/account compromise,GOV
draft/subrules/A_decision_rules_draft.md,제2조(공식 채널) ④,회장과 관리자 모두 직무를 수행할 수 없거나 주 채널 계정이 침해된 경우에는 이해관계 없는 임원 두 명이 예비 채널을 활성화한다.,"GA subrule G — meetings, decisions, elections and TFs","Bylaws must expressly delegate meeting, voting, election, emergency-decision and TF procedure to a GA-enacted subrule; reserved matters and final thresholds stay in bylaws.","Subrule must not alter reserved body, quorum, approval threshold, right or sanction fixed by bylaws. Threshold/denominator duplicate risk: keep one authoritative statement and test every cross-reference. Conflict/independence safeguard must remain attached to the decision it constrains.",incapacity fallback; conflicted decision-maker fallback; official-channel outage/account compromise,GOV
draft/subrules/A_decision_rules_draft.md,제2조(공식 채널) ⑤,이해관계 없는 임원이 두 명 미만이면 직무대행자와 회원 다섯 명이 공동으로 활성화한다. 직무대행자도 없으면 회원발의 정족수를 충족한 회원이 공동으로 활성화한다.,"GA subrule G — meetings, decisions, elections and TFs","Bylaws must expressly delegate meeting, voting, election, emergency-decision and TF procedure to a GA-enacted subrule; reserved matters and final thresholds stay in bylaws.","Subrule must not alter reserved body, quorum, approval threshold, right or sanction fixed by bylaws. Threshold/denominator duplicate risk: keep one authoritative statement and test every cross-reference. Conflict/independence safeguard must remain attached to the decision it constrains.",conflicted decision-maker fallback,GOV
draft/subrules/A_decision_rules_draft.md,제2조(공식 채널) ⑥,예비 채널을 활성화한 사람은 활성화 사유·시각·기간을 기록하고 7일 안에 임원회의나 총회의 추인을 받는다.,"GA subrule G — meetings, decisions, elections and TFs","Bylaws must expressly delegate meeting, voting, election, emergency-decision and TF procedure to a GA-enacted subrule; reserved matters and final thresholds stay in bylaws.","Subrule must not alter reserved body, quorum, approval threshold, right or sanction fixed by bylaws. Deadline/retention duplicate risk: centralize or cross-reference; do not silently change on relocation.",official-channel outage/account compromise,GOV
draft/subrules/A_decision_rules_draft.md,제2조(공식 채널) ⑦,주 채널이 복구되면 기록을 주 채널로 옮긴다. 공고 기간과 의결 기준은 그대로 적용한다.,"GA subrule G — meetings, decisions, elections and TFs","Bylaws must expressly delegate meeting, voting, election, emergency-decision and TF procedure to a GA-enacted subrule; reserved matters and final thresholds stay in bylaws.","Subrule must not alter reserved body, quorum, approval threshold, right or sanction fixed by bylaws.",tested account recovery and backup,GOV
draft/subrules/A_decision_rules_draft.md,제3조(안건과 이해충돌) ①,안건에는 결정문·이유·비용·권한·시행일과 필요한 자료를 붙인다.,"GA subrule G — meetings, decisions, elections and TFs","Bylaws must expressly delegate meeting, voting, election, emergency-decision and TF procedure to a GA-enacted subrule; reserved matters and final thresholds stay in bylaws.","Subrule must not alter reserved body, quorum, approval threshold, right or sanction fixed by bylaws.","ordinary operation; preserve actor, trigger, threshold, record and outcome",GOV
draft/subrules/A_decision_rules_draft.md,제3조(안건과 이해충돌) ②,"참가자는 자신, 가족·동거인 또는 자신과 직접적인 경제·직무 이해관계가 있는 사람의 금전·직위·징계·계약에 관한 안건에서는 이해관계를 공개하고 회피한다. 정책에 관한 견해, 회원에게 공통된 이해 또는 후보자의 통상적인 선거권 행사는 직접 이해관계로 보지 않는다. 제척 전에는 대상자에게 사실관계를 설명할 기회를 주고, 대상자를 제외한 참가자 과반수로 결정한다.","GA subrule G — meetings, decisions, elections and TFs","Bylaws must expressly delegate meeting, voting, election, emergency-decision and TF procedure to a GA-enacted subrule; reserved matters and final thresholds stay in bylaws.","Subrule must not alter reserved body, quorum, approval threshold, right or sanction fixed by bylaws. Threshold/denominator duplicate risk: keep one authoritative statement and test every cross-reference. Conflict/independence safeguard must remain attached to the decision it constrains.","conflicted decision-maker fallback; election eligibility, secrecy, verification, deadlock and challenge; discipline due process and proportional sanctions; contract authority and total-obligation review",GOV
draft/subrules/A_decision_rules_draft.md,제3조(안건과 이해충돌) ③,제5조제3항에 따른 안건 또는 임원의 임면을 다룰 때 이해관계 없는 임원이 두 명 미만이면 그 안건을 총회에 회부한다. 다만 안전이나 회복하기 어려운 손실을 막는 최소 조치는 제10조에 따라 할 수 있다.,"GA subrule G — meetings, decisions, elections and TFs","Bylaws must expressly delegate meeting, voting, election, emergency-decision and TF procedure to a GA-enacted subrule; reserved matters and final thresholds stay in bylaws.","Subrule must not alter reserved body, quorum, approval threshold, right or sanction fixed by bylaws. Threshold/denominator duplicate risk: keep one authoritative statement and test every cross-reference. Conflict/independence safeguard must remain attached to the decision it constrains.",conflicted decision-maker fallback,GOV
draft/subrules/A_decision_rules_draft.md,제4조(총회 진행) ①,"회장이 총회를 진행한다. 회장이 부재하거나 이해관계가 있으면 직무대행자가 진행하고, 직무대행자도 진행할 수 없으면 총회가 정한 임시의장이 진행한다. 의장은 설명·질의·토론·수정안 확인 후 최종안을 표결한다.","GA subrule G — meetings, decisions, elections and TFs","Bylaws must expressly delegate meeting, voting, election, emergency-decision and TF procedure to a GA-enacted subrule; reserved matters and final thresholds stay in bylaws.","Subrule must not alter reserved body, quorum, approval threshold, right or sanction fixed by bylaws. Conflict/independence safeguard must remain attached to the decision it constrains.",conflicted decision-maker fallback,GOV
draft/subrules/A_decision_rules_draft.md,제4조(총회 진행) ②,"실시간 총회에서는 표결 참가자를, 기간투표에서는 유효한 선택이나 기권을 표시한 사람을 참여자로 본다. 공고에는 재적회원 수와 총회 성립 정족수를 적는다.","GA subrule G — meetings, decisions, elections and TFs","Bylaws must expressly delegate meeting, voting, election, emergency-decision and TF procedure to a GA-enacted subrule; reserved matters and final thresholds stay in bylaws.","Subrule must not alter reserved body, quorum, approval threshold, right or sanction fixed by bylaws.","ordinary operation; preserve actor, trigger, threshold, record and outcome",GOV
draft/subrules/A_decision_rules_draft.md,제4조(총회 진행) ③,"기간투표는 명부·안건 확정, 사전 토론, 최종안 공고, 투표, 결과 판단 순으로 한다. 투표 중 결정 내용이나 적용 범위가 바뀌면 최종안을 다시 공고하고 투표한다.","GA subrule G — meetings, decisions, elections and TFs","Bylaws must expressly delegate meeting, voting, election, emergency-decision and TF procedure to a GA-enacted subrule; reserved matters and final thresholds stay in bylaws.","Subrule must not alter reserved body, quorum, approval threshold, right or sanction fixed by bylaws.","ordinary operation; preserve actor, trigger, threshold, record and outcome",GOV
draft/subrules/A_decision_rules_draft.md,제4조(총회 진행) ④,"총회와 선거는 공고일의 재적회원 명부를 기준으로 한다. 공고 전에 제출된 등록 신청의 완료와 객관적인 오류 정정만 투표 시작 전까지 반영하며, 추가·제외 인원과 사유를 선택정보 없이 공고한다.","GA subrule G — meetings, decisions, elections and TFs","Bylaws must expressly delegate meeting, voting, election, emergency-decision and TF procedure to a GA-enacted subrule; reserved matters and final thresholds stay in bylaws.","Subrule must not alter reserved body, quorum, approval threshold, right or sanction fixed by bylaws.","election eligibility, secrecy, verification, deadlock and challenge",GOV
draft/subrules/A_decision_rules_draft.md,제4조(총회 진행) ⑤,"실시간 총회에서도 권리·의무·권한·대상·비용·제재·시행일 또는 적용 범위를 실질적으로 바꾸는 수정안은 최종안을 다시 공고한 뒤 의결한다. 규정 개정, 불신임·탄핵, 제명, 회원 권리의 중대한 제한과 해산에 관한 실질적 수정안에는 7일의 공고기간을 다시 적용한다. 내용에 영향을 주지 않는 오탈자·문구 정리만 같은 총회에서 반영할 수 있다.","GA subrule G — meetings, decisions, elections and TFs","Bylaws must expressly delegate meeting, voting, election, emergency-decision and TF procedure to a GA-enacted subrule; reserved matters and final thresholds stay in bylaws.","Subrule must not alter reserved body, quorum, approval threshold, right or sanction fixed by bylaws. Deadline/retention duplicate risk: centralize or cross-reference; do not silently change on relocation.",dissolution and recipient fallback,GOV
draft/subrules/A_decision_rules_draft.md,제5조(임원회의) ①,"표결 전에 모든 임원에게 안건을 알리고 의견 기회를 준다. 참석하거나 기간투표에 참여한 임원을 재석으로 보며, 고의로 일부 임원을 배제한 의결은 무효이다.","GA subrule G — meetings, decisions, elections and TFs","Bylaws must expressly delegate meeting, voting, election, emergency-decision and TF procedure to a GA-enacted subrule; reserved matters and final thresholds stay in bylaws.","Subrule must not alter reserved body, quorum, approval threshold, right or sanction fixed by bylaws.",all officers unavailable/reconstruction,GOV
draft/subrules/A_decision_rules_draft.md,제5조(임원회의) ②,일반 안건은 재석 임원 과반수 찬성으로 의결한다.,"GA subrule G — meetings, decisions, elections and TFs","Bylaws must expressly delegate meeting, voting, election, emergency-decision and TF procedure to a GA-enacted subrule; reserved matters and final thresholds stay in bylaws.","Subrule must not alter reserved body, quorum, approval threshold, right or sanction fixed by bylaws. Threshold/denominator duplicate risk: keep one authoritative statement and test every cross-reference.","ordinary operation; preserve actor, trigger, threshold, record and outcome",GOV
draft/subrules/A_decision_rules_draft.md,제5조(임원회의) ③,"계약·후원, 이해관계자 거래, 「SCSC 지원금 및 재정집행 세칙」 제8조제2항의 승인, 개인에 대한 자산·권리 이전, 선거관리자 지정·교체, 징계·재검토와 고위험 행사 안전계획에는 이해관계 없는 재적 임원 중 과반수이면서 두 명 이상이 참여해야 한다. 의결에는 참여자 과반수의 찬성이 필요하다.","GA subrule G — meetings, decisions, elections and TFs","Bylaws must expressly delegate meeting, voting, election, emergency-decision and TF procedure to a GA-enacted subrule; reserved matters and final thresholds stay in bylaws.","Subrule must not alter reserved body, quorum, approval threshold, right or sanction fixed by bylaws. Threshold/denominator duplicate risk: keep one authoritative statement and test every cross-reference. Conflict/independence safeguard must remain attached to the decision it constrains.","conflicted decision-maker fallback; election eligibility, secrecy, verification, deadlock and challenge; discipline due process and proportional sanctions; independent reconsideration; contract authority and total-obligation review",GOV
draft/subrules/A_decision_rules_draft.md,제5조(임원회의) ④,행사 책임자와 안전계획 작성자는 안전계획 승인 표결에서 회피한다.,"GA subrule G — meetings, decisions, elections and TFs","Bylaws must expressly delegate meeting, voting, election, emergency-decision and TF procedure to a GA-enacted subrule; reserved matters and final thresholds stay in bylaws.","Subrule must not alter reserved body, quorum, approval threshold, right or sanction fixed by bylaws. Conflict/independence safeguard must remain attached to the decision it constrains.","ordinary operation; preserve actor, trigger, threshold, record and outcome",GOV
draft/subrules/A_decision_rules_draft.md,제6조(기간투표) ①,"임원회의와 TF는 안건에 맞는 기간을 공고하고, 총회는 48시간 이상 투표한다. 시작 전에 명부·최종안·시작·종료 시각을 확정한다.","GA subrule G — meetings, decisions, elections and TFs","Bylaws must expressly delegate meeting, voting, election, emergency-decision and TF procedure to a GA-enacted subrule; reserved matters and final thresholds stay in bylaws.","Subrule must not alter reserved body, quorum, approval threshold, right or sanction fixed by bylaws.","ordinary operation; preserve actor, trigger, threshold, record and outcome",GOV
draft/subrules/A_decision_rules_draft.md,제6조(기간투표) ②,참가자는 마감 전까지 선택을 바꿀 수 있다. 전원이 투표하고 변경권 포기에 동의한 경우에만 조기 종료한다.,"GA subrule G — meetings, decisions, elections and TFs","Bylaws must expressly delegate meeting, voting, election, emergency-decision and TF procedure to a GA-enacted subrule; reserved matters and final thresholds stay in bylaws.","Subrule must not alter reserved body, quorum, approval threshold, right or sanction fixed by bylaws.","ordinary operation; preserve actor, trigger, threshold, record and outcome",GOV
draft/subrules/A_decision_rules_draft.md,제6조(기간투표) ③,본인 확인과 중복 방지가 가능해야 하며 무기명 표결은 자격 정보와 선택 정보를 분리한다.,"GA subrule G — meetings, decisions, elections and TFs","Bylaws must expressly delegate meeting, voting, election, emergency-decision and TF procedure to a GA-enacted subrule; reserved matters and final thresholds stay in bylaws.","Subrule must not alter reserved body, quorum, approval threshold, right or sanction fixed by bylaws. Privacy/secrecy overlap: align with privacy policy without weakening purpose limitation or ballot confidentiality.","ordinary operation; preserve actor, trigger, threshold, record and outcome",GOV
draft/subrules/A_decision_rules_draft.md,제7조(집계) ①,표결 전에 명부와 기준을 확정하고 재석·찬성·반대·기권·무효 수를 확인한다.,"GA subrule G — meetings, decisions, elections and TFs","Bylaws must expressly delegate meeting, voting, election, emergency-decision and TF procedure to a GA-enacted subrule; reserved matters and final thresholds stay in bylaws.","Subrule must not alter reserved body, quorum, approval threshold, right or sanction fixed by bylaws.","ordinary operation; preserve actor, trigger, threshold, record and outcome",GOV
draft/subrules/A_decision_rules_draft.md,제7조(집계) ②,수작업 집계는 이해관계 없는 두 사람이 확인한다. 회장 선거는 선거관리자와 검증자가 각각 확인한다.,"GA subrule G — meetings, decisions, elections and TFs","Bylaws must expressly delegate meeting, voting, election, emergency-decision and TF procedure to a GA-enacted subrule; reserved matters and final thresholds stay in bylaws.","Subrule must not alter reserved body, quorum, approval threshold, right or sanction fixed by bylaws. Conflict/independence safeguard must remain attached to the decision it constrains.","conflicted decision-maker fallback; election eligibility, secrecy, verification, deadlock and challenge",GOV
draft/subrules/A_decision_rules_draft.md,제7조(집계) ③,권한 없는 회의체의 의결은 무효이다.,"GA subrule G — meetings, decisions, elections and TFs","Bylaws must expressly delegate meeting, voting, election, emergency-decision and TF procedure to a GA-enacted subrule; reserved matters and final thresholds stay in bylaws.","Subrule must not alter reserved body, quorum, approval threshold, right or sanction fixed by bylaws.","ordinary operation; preserve actor, trigger, threshold, record and outcome",GOV
draft/subrules/A_decision_rules_draft.md,제8조(무기명표결),무기명표결의 정보 분리와 수작업 집계 확인은 제6조제3항과 제7조제2항에 따른다. 개인의 선택은 공개 기록에 남기지 않는다.,"GA subrule G — meetings, decisions, elections and TFs","Bylaws must expressly delegate meeting, voting, election, emergency-decision and TF procedure to a GA-enacted subrule; reserved matters and final thresholds stay in bylaws.","Subrule must not alter reserved body, quorum, approval threshold, right or sanction fixed by bylaws. Privacy/secrecy overlap: align with privacy policy without weakening purpose limitation or ballot confidentiality.","ordinary operation; preserve actor, trigger, threshold, record and outcome",GOV
draft/subrules/A_decision_rules_draft.md,제9조(회장 선거) ①,"임원회의는 후보 등록 방법·자격 자료·후보 자료·투표 방법과 일정을 공고하고, 서로 다른 선거관리자와 검증자를 지정한다.","GA subrule G — meetings, decisions, elections and TFs","Bylaws must expressly delegate meeting, voting, election, emergency-decision and TF procedure to a GA-enacted subrule; reserved matters and final thresholds stay in bylaws.","Subrule must not alter reserved body, quorum, approval threshold, right or sanction fixed by bylaws.","election eligibility, secrecy, verification, deadlock and challenge",GOV
draft/subrules/A_decision_rules_draft.md,제9조(회장 선거) ②,단독 후보는 찬반으로 투표한다. 복수 후보는 한 명을 선택하여 투표한다.,"GA subrule G — meetings, decisions, elections and TFs","Bylaws must expressly delegate meeting, voting, election, emergency-decision and TF procedure to a GA-enacted subrule; reserved matters and final thresholds stay in bylaws.","Subrule must not alter reserved body, quorum, approval threshold, right or sanction fixed by bylaws.","ordinary operation; preserve actor, trigger, threshold, record and outcome",GOV
draft/subrules/A_decision_rules_draft.md,제9조(회장 선거) ③,과반 득표자가 없으면 득표 순위 상위 두 명을 대상으로 결선투표한다. 결선 진출 최저 순위에서 동률인 후보자는 모두 포함한다.,"GA subrule G — meetings, decisions, elections and TFs","Bylaws must expressly delegate meeting, voting, election, emergency-decision and TF procedure to a GA-enacted subrule; reserved matters and final thresholds stay in bylaws.","Subrule must not alter reserved body, quorum, approval threshold, right or sanction fixed by bylaws. Threshold/denominator duplicate risk: keep one authoritative statement and test every cross-reference.","ordinary operation; preserve actor, trigger, threshold, record and outcome",GOV
draft/subrules/A_decision_rules_draft.md,제9조(회장 선거) ④,결선에서도 과반 득표자가 없으면 선거는 성립하지 않는다.,"GA subrule G — meetings, decisions, elections and TFs","Bylaws must expressly delegate meeting, voting, election, emergency-decision and TF procedure to a GA-enacted subrule; reserved matters and final thresholds stay in bylaws.","Subrule must not alter reserved body, quorum, approval threshold, right or sanction fixed by bylaws.","election eligibility, secrecy, verification, deadlock and challenge",GOV
draft/subrules/A_decision_rules_draft.md,제9조(회장 선거) ⑤,"선거관리자는 투·개표를 진행하고, 검증자는 명부·본인 확인·중복 방지·무기명성·집계·공고를 독립적으로 확인한다.","GA subrule G — meetings, decisions, elections and TFs","Bylaws must expressly delegate meeting, voting, election, emergency-decision and TF procedure to a GA-enacted subrule; reserved matters and final thresholds stay in bylaws.","Subrule must not alter reserved body, quorum, approval threshold, right or sanction fixed by bylaws. Privacy/secrecy overlap: align with privacy policy without weakening purpose limitation or ballot confidentiality. Conflict/independence safeguard must remain attached to the decision it constrains.","election eligibility, secrecy, verification, deadlock and challenge",GOV
draft/subrules/A_decision_rules_draft.md,제9조(회장 선거) ⑥,통상적인 이의는 확정 전에 총회가 처리한다.,"GA subrule G — meetings, decisions, elections and TFs","Bylaws must expressly delegate meeting, voting, election, emergency-decision and TF procedure to a GA-enacted subrule; reserved matters and final thresholds stay in bylaws.","Subrule must not alter reserved body, quorum, approval threshold, right or sanction fixed by bylaws.","ordinary operation; preserve actor, trigger, threshold, record and outcome",GOV
draft/subrules/A_decision_rules_draft.md,제9조(회장 선거) ⑦,"특별이의에는 새 자료, 사전에 알 수 없었던 이유와 결과에 미칠 영향을 적는다.","GA subrule G — meetings, decisions, elections and TFs","Bylaws must expressly delegate meeting, voting, election, emergency-decision and TF procedure to a GA-enacted subrule; reserved matters and final thresholds stay in bylaws.","Subrule must not alter reserved body, quorum, approval threshold, right or sanction fixed by bylaws.","ordinary operation; preserve actor, trigger, threshold, record and outcome",GOV
draft/subrules/A_decision_rules_draft.md,제9조(회장 선거) ⑧,재검표·재투표·무효 절차와 직무대행은 「SCSC 회칙」 제24조·제25조에 따른다.,"GA subrule G — meetings, decisions, elections and TFs","Bylaws must expressly delegate meeting, voting, election, emergency-decision and TF procedure to a GA-enacted subrule; reserved matters and final thresholds stay in bylaws.","Subrule must not alter reserved body, quorum, approval threshold, right or sanction fixed by bylaws.","ordinary operation; preserve actor, trigger, threshold, record and outcome",GOV
draft/subrules/A_decision_rules_draft.md,제10조(긴급결정) ①,"사람의 안전을 지키거나, 회복하기 어려운 자산·계정·정보 손실 또는 외부 마감에 따른 중대한 손해를 막기 위하여 통상 절차를 기다릴 수 없을 때에는 긴급 결정을 할 수 있다.","GA subrule G — meetings, decisions, elections and TFs","Bylaws must expressly delegate meeting, voting, election, emergency-decision and TF procedure to a GA-enacted subrule; reserved matters and final thresholds stay in bylaws.","Subrule must not alter reserved body, quorum, approval threshold, right or sanction fixed by bylaws.","emergency action, notice, ratification and unwind",GOV
draft/subrules/A_decision_rules_draft.md,제10조(긴급결정) ②,긴급 결정은 해당 사항에 권한이 있는 임원회의나 TF가 필요한 최소 범위에서 한다. 다만 사람의 안전이나 회복하기 어려운 손실을 막기 위한 「SCSC 회칙」 제31조제2항의 긴급 지출은 공식 지급 권한이 있는 임원 한 명이 승인 예산 또는 가예산 안에서 필요한 최소 범위로 집행할 수 있다.,"GA subrule G — meetings, decisions, elections and TFs","Bylaws must expressly delegate meeting, voting, election, emergency-decision and TF procedure to a GA-enacted subrule; reserved matters and final thresholds stay in bylaws.","Subrule must not alter reserved body, quorum, approval threshold, right or sanction fixed by bylaws.","emergency action, notice, ratification and unwind; no-budget continuity within cap",GOV
draft/subrules/A_decision_rules_draft.md,제10조(긴급결정) ③,통상 절차의 참가 대상자에게 공식 연락처로 사유와 기간을 알린다. 긴급한 사정으로 통지하지 못한 사람이 있으면 연락을 시도한 방법·시각과 통지하지 못한 사유를 기록한다.,"GA subrule G — meetings, decisions, elections and TFs","Bylaws must expressly delegate meeting, voting, election, emergency-decision and TF procedure to a GA-enacted subrule; reserved matters and final thresholds stay in bylaws.","Subrule must not alter reserved body, quorum, approval threshold, right or sanction fixed by bylaws.","emergency action, notice, ratification and unwind",GOV
draft/subrules/A_decision_rules_draft.md,제10조(긴급결정) ④,"규정 개정, 회장 선거, 불신임·탄핵, 징계·제명과 해산에는 긴급 결정을 적용하지 않는다.","GA subrule G — meetings, decisions, elections and TFs","Bylaws must expressly delegate meeting, voting, election, emergency-decision and TF procedure to a GA-enacted subrule; reserved matters and final thresholds stay in bylaws.","Subrule must not alter reserved body, quorum, approval threshold, right or sanction fixed by bylaws.","emergency action, notice, ratification and unwind; election eligibility, secrecy, verification, deadlock and challenge; discipline due process and proportional sanctions; dissolution and recipient fallback",GOV
draft/subrules/A_decision_rules_draft.md,제10조(긴급결정) ⑤,원래 권한 있는 회의체가 72시간 안에 추인하지 않으면 긴급 결정은 그때부터 효력을 잃는다. 해당 회의체는 이미 한 집행의 중단·회수·복구와 제3자 관계의 정리 방법을 정하고 그 결과를 기록한다.,"GA subrule G — meetings, decisions, elections and TFs","Bylaws must expressly delegate meeting, voting, election, emergency-decision and TF procedure to a GA-enacted subrule; reserved matters and final thresholds stay in bylaws.","Subrule must not alter reserved body, quorum, approval threshold, right or sanction fixed by bylaws. Deadline/retention duplicate risk: centralize or cross-reference; do not silently change on relocation.","emergency action, notice, ratification and unwind; tested account recovery and backup",GOV
draft/subrules/A_decision_rules_draft.md,제11조(TF 설치 공고) ①,TF 설치 공고에는 목적·기간·운영진·위임 범위·예산·종료 조건을 적는다.,"GA subrule G — meetings, decisions, elections and TFs","Bylaws must expressly delegate meeting, voting, election, emergency-decision and TF procedure to a GA-enacted subrule; reserved matters and final thresholds stay in bylaws.","Subrule must not alter reserved body, quorum, approval threshold, right or sanction fixed by bylaws.","ordinary operation; preserve actor, trigger, threshold, record and outcome",GOV
draft/subrules/A_decision_rules_draft.md,제11조(TF 설치 공고) ②,안전 위험이 있으면 안전 책임자와 안전 조치도 적는다.,"GA subrule G — meetings, decisions, elections and TFs","Bylaws must expressly delegate meeting, voting, election, emergency-decision and TF procedure to a GA-enacted subrule; reserved matters and final thresholds stay in bylaws.","Subrule must not alter reserved body, quorum, approval threshold, right or sanction fixed by bylaws.","ordinary operation; preserve actor, trigger, threshold, record and outcome",GOV
draft/subrules/A_decision_rules_draft.md,제11조(TF 설치 공고) ③,회장·회계 대리인의 권한은 해당 TF와 지정 기간에 한정한다.,"GA subrule G — meetings, decisions, elections and TFs","Bylaws must expressly delegate meeting, voting, election, emergency-decision and TF procedure to a GA-enacted subrule; reserved matters and final thresholds stay in bylaws.","Subrule must not alter reserved body, quorum, approval threshold, right or sanction fixed by bylaws.","ordinary operation; preserve actor, trigger, threshold, record and outcome",GOV
draft/subrules/A_decision_rules_draft.md,제12조(TF 의결과 보고) ①,TF는 필수 참여자와 위임 범위를 확인한 뒤 의결한다.,"GA subrule G — meetings, decisions, elections and TFs","Bylaws must expressly delegate meeting, voting, election, emergency-decision and TF procedure to a GA-enacted subrule; reserved matters and final thresholds stay in bylaws.","Subrule must not alter reserved body, quorum, approval threshold, right or sanction fixed by bylaws.","ordinary operation; preserve actor, trigger, threshold, record and outcome",GOV
draft/subrules/A_decision_rules_draft.md,제12조(TF 의결과 보고) ②,지출에는 승인 금액과 회계 측 찬성을 기록한다.,"GA subrule G — meetings, decisions, elections and TFs","Bylaws must expressly delegate meeting, voting, election, emergency-decision and TF procedure to a GA-enacted subrule; reserved matters and final thresholds stay in bylaws.","Subrule must not alter reserved body, quorum, approval threshold, right or sanction fixed by bylaws.","ordinary operation; preserve actor, trigger, threshold, record and outcome",GOV
draft/subrules/A_decision_rules_draft.md,제12조(TF 의결과 보고) ③,위임 범위 밖의 안건은 임원회의에 넘긴다. TF가 종료되면 결정·지출·성과와 미결 사항을 보고한다.,"GA subrule G — meetings, decisions, elections and TFs","Bylaws must expressly delegate meeting, voting, election, emergency-decision and TF procedure to a GA-enacted subrule; reserved matters and final thresholds stay in bylaws.","Subrule must not alter reserved body, quorum, approval threshold, right or sanction fixed by bylaws.","ordinary operation; preserve actor, trigger, threshold, record and outcome",GOV
draft/subrules/A_decision_rules_draft.md,제13조(결과와 이의) ①,결과에는 최종안·표결 수·기준·시행일·담당자를 적는다.,"GA subrule G — meetings, decisions, elections and TFs","Bylaws must expressly delegate meeting, voting, election, emergency-decision and TF procedure to a GA-enacted subrule; reserved matters and final thresholds stay in bylaws.","Subrule must not alter reserved body, quorum, approval threshold, right or sanction fixed by bylaws.","ordinary operation; preserve actor, trigger, threshold, record and outcome",GOV
draft/subrules/A_decision_rules_draft.md,제13조(결과와 이의) ②,계산·자격·중복·절차 오류에는 공고 후 7일 안에 이의를 제기할 수 있다.,"GA subrule G — meetings, decisions, elections and TFs","Bylaws must expressly delegate meeting, voting, election, emergency-decision and TF procedure to a GA-enacted subrule; reserved matters and final thresholds stay in bylaws.","Subrule must not alter reserved body, quorum, approval threshold, right or sanction fixed by bylaws. Deadline/retention duplicate risk: centralize or cross-reference; do not silently change on relocation.","ordinary operation; preserve actor, trigger, threshold, record and outcome",GOV
draft/subrules/A_decision_rules_draft.md,제13조(결과와 이의) ③,결과를 공고한 회의체는 단순 오류를 정정한다. 결과에 영향을 미칠 수 있는 하자가 있으면 재표결 여부를 정한다.,"GA subrule G — meetings, decisions, elections and TFs","Bylaws must expressly delegate meeting, voting, election, emergency-decision and TF procedure to a GA-enacted subrule; reserved matters and final thresholds stay in bylaws.","Subrule must not alter reserved body, quorum, approval threshold, right or sanction fixed by bylaws.","ordinary operation; preserve actor, trigger, threshold, record and outcome",GOV
draft/subrules/A_decision_rules_draft.md,제13조(결과와 이의) ④,회장 선거에 관한 이의는 제9조에 따른다.,"GA subrule G — meetings, decisions, elections and TFs","Bylaws must expressly delegate meeting, voting, election, emergency-decision and TF procedure to a GA-enacted subrule; reserved matters and final thresholds stay in bylaws.","Subrule must not alter reserved body, quorum, approval threshold, right or sanction fixed by bylaws.","election eligibility, secrecy, verification, deadlock and challenge",GOV
draft/subrules/A_decision_rules_draft.md,제14조(보존) ①,"총회·선거·예산·결산과 계속 효력이 있는 결정은 영구 보존하고, 임원회의·TF의 최종 결정 기록은 5년간 보존한다. 영구 보존 기록에는 최종 의결문·비식별 집계와 필요한 최소 권한 이력만 남긴다.","GA subrule G — meetings, decisions, elections and TFs","Bylaws must expressly delegate meeting, voting, election, emergency-decision and TF procedure to a GA-enacted subrule; reserved matters and final thresholds stay in bylaws.","Subrule must not alter reserved body, quorum, approval threshold, right or sanction fixed by bylaws. Deadline/retention duplicate risk: centralize or cross-reference; do not silently change on relocation.","election eligibility, secrecy, verification, deadlock and challenge; record retention and deletion",GOV
draft/subrules/A_decision_rules_draft.md,제14조(보존) ②,원문 대화·초안·중복자료와 투표 인증정보는 이의·분쟁 및 보존 필요가 끝나면 삭제할 수 있다.,"GA subrule G — meetings, decisions, elections and TFs","Bylaws must expressly delegate meeting, voting, election, emergency-decision and TF procedure to a GA-enacted subrule; reserved matters and final thresholds stay in bylaws.","Subrule must not alter reserved body, quorum, approval threshold, right or sanction fixed by bylaws. Privacy/secrecy overlap: align with privacy policy without weakening purpose limitation or ballot confidentiality.",record retention and deletion,GOV
draft/subrules/A_decision_rules_draft.md,제14조(보존) ③,"신고·심사·징계 기록은 사건 종료 시 보존 근거·접근 권한·재검토일·폐기일을 정하고, 권리 구제 기간이 지나면 유효한 결정과 최소 이력만 남긴다.","GA subrule D — conduct, protection, discipline and review","Bylaws must define protected rights, sanction types, final decision bodies and appeal/review entitlement, and expressly delegate intake, interim protection, investigation, deadlines and review procedure to a GA-enacted disciplinary subrule.","Subrule must not alter reserved body, quorum, approval threshold, right or sanction fixed by bylaws.",discipline due process and proportional sanctions; safe intake and external-reporting option; independent reconsideration; record retention and deletion,DISC
draft/subrules/A_decision_rules_draft.md,제15조(개정),이 세칙은 「SCSC 회칙」 제42조에 따라 개정한다.,"GA subrule G — meetings, decisions, elections and TFs","Bylaws must expressly delegate meeting, voting, election, emergency-decision and TF procedure to a GA-enacted subrule; reserved matters and final thresholds stay in bylaws.","Subrule must not alter reserved body, quorum, approval threshold, right or sanction fixed by bylaws.","ordinary operation; preserve actor, trigger, threshold, record and outcome",GOV
draft/subrules/A_decision_rules_draft.md,제1조(시행일),이 세칙은 2026년 8월 15일부터 시행한다.,"GA subrule G — meetings, decisions, elections and TFs","Bylaws must expressly delegate meeting, voting, election, emergency-decision and TF procedure to a GA-enacted subrule; reserved matters and final thresholds stay in bylaws.","Subrule must not alter reserved body, quorum, approval threshold, right or sanction fixed by bylaws.","ordinary operation; preserve actor, trigger, threshold, record and outcome",GOV
draft/subrules/B_funding_rules_draft.md,제1조(목적),"이 세칙은 「SCSC 회칙」 제16조와 제30조부터 제36조까지에 따라 예산 집행, 지원·정산 및 재정 기록에 관한 사항을 정한다.","GA subrule F — finance, funding, assets and contracts","Bylaws must reserve budget/settlement, debt bans, major asset disposition and contract authority, while delegating controls, support eligibility, amounts and evidence rules to a GA-enacted finance subrule.","Subrule must not alter reserved body, quorum, approval threshold, right or sanction fixed by bylaws.","ordinary operation; preserve actor, trigger, threshold, record and outcome",FIN
draft/subrules/B_funding_rules_draft.md,제2조(원칙) ①,본회는 승인된 예산의 범위에서 실제 적격 비용만 지원한다.,"GA subrule F — finance, funding, assets and contracts","Bylaws must reserve budget/settlement, debt bans, major asset disposition and contract authority, while delegating controls, support eligibility, amounts and evidence rules to a GA-enacted finance subrule.","Subrule must not alter reserved body, quorum, approval threshold, right or sanction fixed by bylaws.","ordinary operation; preserve actor, trigger, threshold, record and outcome",FIN
draft/subrules/B_funding_rules_draft.md,제2조(원칙) ②,"중복 청구, 외부 지원·환불 사실을 알리지 않는 행위 및 신청을 나누어 한도를 회피하는 행위를 금지한다.","GA subrule F — finance, funding, assets and contracts","Bylaws must reserve budget/settlement, debt bans, major asset disposition and contract authority, while delegating controls, support eligibility, amounts and evidence rules to a GA-enacted finance subrule.","Subrule must not alter reserved body, quorum, approval threshold, right or sanction fixed by bylaws. Conflict/independence safeguard must remain attached to the decision it constrains.",mistaken payment/pre-meeting withdrawal refund,FIN
draft/subrules/B_funding_rules_draft.md,제2조(원칙) ③,이해관계자는 심사·승인에서 회피한다.,"GA subrule F — finance, funding, assets and contracts","Bylaws must reserve budget/settlement, debt bans, major asset disposition and contract authority, while delegating controls, support eligibility, amounts and evidence rules to a GA-enacted finance subrule.","Subrule must not alter reserved body, quorum, approval threshold, right or sanction fixed by bylaws. Conflict/independence safeguard must remain attached to the decision it constrains.",conflicted decision-maker fallback,FIN
draft/subrules/B_funding_rules_draft.md,제3조(정의와 기준금액) ①,“지원금”이란 회원이나 활동을 위한 지급 또는 대납을 말한다.,"GA subrule F — finance, funding, assets and contracts","Bylaws must reserve budget/settlement, debt bans, major asset disposition and contract authority, while delegating controls, support eligibility, amounts and evidence rules to a GA-enacted finance subrule.","Subrule must not alter reserved body, quorum, approval threshold, right or sanction fixed by bylaws.","ordinary operation; preserve actor, trigger, threshold, record and outcome",FIN
draft/subrules/B_funding_rules_draft.md,제3조(정의와 기준금액) ②,“사전 승인”이란 지출 전에 목적과 최대 금액을 승인하는 것을 말한다.,"GA subrule F — finance, funding, assets and contracts","Bylaws must reserve budget/settlement, debt bans, major asset disposition and contract authority, while delegating controls, support eligibility, amounts and evidence rules to a GA-enacted finance subrule.","Subrule must not alter reserved body, quorum, approval threshold, right or sanction fixed by bylaws.","ordinary operation; preserve actor, trigger, threshold, record and outcome",FIN
draft/subrules/B_funding_rules_draft.md,제3조(정의와 기준금액) ③,“정산”이란 실제 지출·증빙·잔액을 확인하는 것을 말한다.,"GA subrule F — finance, funding, assets and contracts","Bylaws must reserve budget/settlement, debt bans, major asset disposition and contract authority, while delegating controls, support eligibility, amounts and evidence rules to a GA-enacted finance subrule.","Subrule must not alter reserved body, quorum, approval threshold, right or sanction fixed by bylaws.","ordinary operation; preserve actor, trigger, threshold, record and outcome",FIN
draft/subrules/B_funding_rules_draft.md,제3조(정의와 기준금액) ④,"하나의 목적·행사·계약에 드는 비용은 합산하며, 회계의 단독 승인 한도는 건별 300,000원이다.","GA subrule F — finance, funding, assets and contracts","Bylaws must reserve budget/settlement, debt bans, major asset disposition and contract authority, while delegating controls, support eligibility, amounts and evidence rules to a GA-enacted finance subrule.","Subrule must not alter reserved body, quorum, approval threshold, right or sanction fixed by bylaws.",contract authority and total-obligation review,FIN
draft/subrules/B_funding_rules_draft.md,제4조(지원 제외) ①,"법령·규정·약관을 위반하여 발생한 비용, 불법 물품, 담배, 벌금·과태료와 개인의 고의·중과실로 발생한 비용은 지원하지 않는다.","GA subrule F — finance, funding, assets and contracts","Bylaws must reserve budget/settlement, debt bans, major asset disposition and contract authority, while delegating controls, support eligibility, amounts and evidence rules to a GA-enacted finance subrule.","Subrule must not alter reserved body, quorum, approval threshold, right or sanction fixed by bylaws.","ordinary operation; preserve actor, trigger, threshold, record and outcome",FIN
draft/subrules/B_funding_rules_draft.md,제4조(지원 제외) ②,제11조에 따른 증빙 또는 대체증빙으로 지출 사실과 금액을 확인할 수 없는 비용은 지원하지 않는다.,"GA subrule F — finance, funding, assets and contracts","Bylaws must reserve budget/settlement, debt bans, major asset disposition and contract authority, while delegating controls, support eligibility, amounts and evidence rules to a GA-enacted finance subrule.","Subrule must not alter reserved body, quorum, approval threshold, right or sanction fixed by bylaws.","ordinary operation; preserve actor, trigger, threshold, record and outcome",FIN
draft/subrules/B_funding_rules_draft.md,제4조(지원 제외) ③,"총회가 승인하지 않으면 본회 목적과 무관한 개인 소비, 허용되지 않은 식비와 공동의 필요가 없는 개인 귀속 자산·계정을 지원하지 않는다.","GA subrule F — finance, funding, assets and contracts","Bylaws must reserve budget/settlement, debt bans, major asset disposition and contract authority, while delegating controls, support eligibility, amounts and evidence rules to a GA-enacted finance subrule.","Subrule must not alter reserved body, quorum, approval threshold, right or sanction fixed by bylaws.","ordinary operation; preserve actor, trigger, threshold, record and outcome",FIN
draft/subrules/B_funding_rules_draft.md,제4조(지원 제외) ④,거부 결정에는 구체적 근거를 적는다.,"GA subrule F — finance, funding, assets and contracts","Bylaws must reserve budget/settlement, debt bans, major asset disposition and contract authority, while delegating controls, support eligibility, amounts and evidence rules to a GA-enacted finance subrule.","Subrule must not alter reserved body, quorum, approval threshold, right or sanction fixed by bylaws.","ordinary operation; preserve actor, trigger, threshold, record and outcome",FIN
draft/subrules/B_funding_rules_draft.md,제5조(예산 편성) ①,"예산은 SIG·PIG 활동, 회식, 기초 SIG장 장려금, 대회, 행사·운영비와 예비비로 구분한다. 각 항목의 총액과 계속 결제 예상액을 공개한다.","GA subrule F — finance, funding, assets and contracts","Bylaws must reserve budget/settlement, debt bans, major asset disposition and contract authority, while delegating controls, support eligibility, amounts and evidence rules to a GA-enacted finance subrule.","Subrule must not alter reserved body, quorum, approval threshold, right or sanction fixed by bylaws.","ordinary operation; preserve actor, trigger, threshold, record and outcome",FIN
draft/subrules/B_funding_rules_draft.md,제5조(예산 편성) ②,잔액은 필요성·형평성 및 누적 지원을 고려하여 배분할 수 있다.,"GA subrule F — finance, funding, assets and contracts","Bylaws must reserve budget/settlement, debt bans, major asset disposition and contract authority, while delegating controls, support eligibility, amounts and evidence rules to a GA-enacted finance subrule.","Subrule must not alter reserved body, quorum, approval threshold, right or sanction fixed by bylaws.","ordinary operation; preserve actor, trigger, threshold, record and outcome",FIN
draft/subrules/B_funding_rules_draft.md,제5조(예산 편성) ③,목적·기한·자부담·반환 조건이 있는 외부 재원은 제한 재원으로 분리한다.,"GA subrule F — finance, funding, assets and contracts","Bylaws must reserve budget/settlement, debt bans, major asset disposition and contract authority, while delegating controls, support eligibility, amounts and evidence rules to a GA-enacted finance subrule.","Subrule must not alter reserved body, quorum, approval threshold, right or sanction fixed by bylaws.",restricted funds,FIN
draft/subrules/B_funding_rules_draft.md,제5조(예산 편성) ④,가예산은 목적·금액·담당자를 기록하여 일반 예산과 구분한다.,"GA subrule F — finance, funding, assets and contracts","Bylaws must reserve budget/settlement, debt bans, major asset disposition and contract authority, while delegating controls, support eligibility, amounts and evidence rules to a GA-enacted finance subrule.","Subrule must not alter reserved body, quorum, approval threshold, right or sanction fixed by bylaws.",no-budget continuity within cap,FIN
draft/subrules/B_funding_rules_draft.md,제6조(신청) ①,"신청자는 공식 수단으로 신청자와 활동, 목적, 품목·금액·가격 근거, 일정 및 지급 방법을 제출한다. 다른 지원, 관련 자산·계정 및 제한 재원의 조건도 함께 제출한다.","GA subrule F — finance, funding, assets and contracts","Bylaws must reserve budget/settlement, debt bans, major asset disposition and contract authority, while delegating controls, support eligibility, amounts and evidence rules to a GA-enacted finance subrule.","Subrule must not alter reserved body, quorum, approval threshold, right or sanction fixed by bylaws.",restricted funds,FIN
draft/subrules/B_funding_rules_draft.md,제6조(신청) ②,원칙적으로 지출 전에 신청한다. 긴급한 사후 추인은 「SCSC 회칙」 제31조제2항에 따른다.,"GA subrule F — finance, funding, assets and contracts","Bylaws must reserve budget/settlement, debt bans, major asset disposition and contract authority, while delegating controls, support eligibility, amounts and evidence rules to a GA-enacted finance subrule.","Subrule must not alter reserved body, quorum, approval threshold, right or sanction fixed by bylaws.","emergency action, notice, ratification and unwind",FIN
draft/subrules/B_funding_rules_draft.md,제7조(처리기한),회계는 신청 후 3일 안에 접수·보완·부적격 여부를 알린다. 회계는 보완이 필요 없는 신청에 대하여 원칙적으로 7일 안에 승인·조건부 승인·보류·거부 결정을 한다. 보완 기간은 처리 기간에서 제외한다.,"GA subrule F — finance, funding, assets and contracts","Bylaws must reserve budget/settlement, debt bans, major asset disposition and contract authority, while delegating controls, support eligibility, amounts and evidence rules to a GA-enacted finance subrule.","Subrule must not alter reserved body, quorum, approval threshold, right or sanction fixed by bylaws. Deadline/retention duplicate risk: centralize or cross-reference; do not silently change on relocation.","ordinary operation; preserve actor, trigger, threshold, record and outcome",FIN
draft/subrules/B_funding_rules_draft.md,제8조(승인 권한) ①,"회계는 승인된 예산의 범위 안에 있고 이 세칙의 요건을 충족하는 신청을 승인할 수 있다. 이 경우 계약·채무가 없어야 하고, 개인정보 처리는 공개된 처리방침의 기존 범위 안에 있어야 하며, 건별 금액이 제3조의 한도 이하여야 한다.","GA subrule F — finance, funding, assets and contracts","Bylaws must reserve budget/settlement, debt bans, major asset disposition and contract authority, while delegating controls, support eligibility, amounts and evidence rules to a GA-enacted finance subrule.","Subrule must not alter reserved body, quorum, approval threshold, right or sanction fixed by bylaws. Privacy/secrecy overlap: align with privacy policy without weakening purpose limitation or ballot confidentiality.",contract authority and total-obligation review,FIN
draft/subrules/B_funding_rules_draft.md,제8조(승인 권한) ②,"한도 초과, 예비비·전용, PIG 프로젝트 예산, 계속 결제·계약·후원·이해관계자 거래, 처리방침에 없는 새로운 수집·제3자 제공·위탁·국외 이전을 수반하는 신청과 회계가 보류한 신청은 임원회의가 승인한다. 새로운 개인정보 처리가 필요하면 처리방침을 먼저 정비한다. 예산 증액·예산 밖 지출은 총회가 정한다.","GA subrule F — finance, funding, assets and contracts","Bylaws must reserve budget/settlement, debt bans, major asset disposition and contract authority, while delegating controls, support eligibility, amounts and evidence rules to a GA-enacted finance subrule.","Subrule must not alter reserved body, quorum, approval threshold, right or sanction fixed by bylaws. Privacy/secrecy overlap: align with privacy policy without weakening purpose limitation or ballot confidentiality. Conflict/independence safeguard must remain attached to the decision it constrains.",conflicted decision-maker fallback; contract authority and total-obligation review,FIN
draft/subrules/B_funding_rules_draft.md,제8조(승인 권한) ③,회계가 수혜자이면 회계와 그 밖의 이해관계자를 제외한 임원회의가 승인하고 이해관계 없는 대체 심사자를 지정한다.,"GA subrule F — finance, funding, assets and contracts","Bylaws must reserve budget/settlement, debt bans, major asset disposition and contract authority, while delegating controls, support eligibility, amounts and evidence rules to a GA-enacted finance subrule.","Subrule must not alter reserved body, quorum, approval threshold, right or sanction fixed by bylaws. Conflict/independence safeguard must remain attached to the decision it constrains.",conflicted decision-maker fallback,FIN
draft/subrules/B_funding_rules_draft.md,제8조(승인 권한) ④,계약·후원 승인에는 상대방·목적·전체 부담·재원·갱신·종료·책임·개인정보·비밀유지·지식재산 조건과 집행자를 기록한다. 회원 권리·선거·징계의 독립성을 해치거나 사익·위법한 정보 제공·허위 표명을 요구하는 조건은 수용할 수 없다.,"GA subrule F — finance, funding, assets and contracts","Bylaws must reserve budget/settlement, debt bans, major asset disposition and contract authority, while delegating controls, support eligibility, amounts and evidence rules to a GA-enacted finance subrule.","Subrule must not alter reserved body, quorum, approval threshold, right or sanction fixed by bylaws. Privacy/secrecy overlap: align with privacy policy without weakening purpose limitation or ballot confidentiality. Conflict/independence safeguard must remain attached to the decision it constrains.","election eligibility, secrecy, verification, deadlock and challenge; discipline due process and proportional sanctions; contract authority and total-obligation review",FIN
draft/subrules/B_funding_rules_draft.md,제9조(결정과 이의),"조건부 승인·보류·거부에는 이유와 보완·이의 방법을 적는다. 신청자는 7일 안에 사실 오류·기준 불일치·절차 위반을 이유로 이의를 신청할 수 있고, 이해관계자를 제외한 임원회의가 한 차례 재심한다.","GA subrule F — finance, funding, assets and contracts","Bylaws must reserve budget/settlement, debt bans, major asset disposition and contract authority, while delegating controls, support eligibility, amounts and evidence rules to a GA-enacted finance subrule.","Subrule must not alter reserved body, quorum, approval threshold, right or sanction fixed by bylaws. Deadline/retention duplicate risk: centralize or cross-reference; do not silently change on relocation. Conflict/independence safeguard must remain attached to the decision it constrains.",conflicted decision-maker fallback,FIN
draft/subrules/B_funding_rules_draft.md,제10조(수납·구매·지급) ①,본회가 판매자에게 직접 지급하되 개인 선결제가 불가피하면 승인액과 실제 적격 비용 중 적은 금액을 환급한다. 승인된 목적·품목·최대 금액을 변경하려면 미리 변경 승인을 받아야 한다. 지급은 추적 가능한 방법으로 하며 신청자는 자신의 신청을 승인하거나 자신에게 직접 지급할 수 없다.,"GA subrule F — finance, funding, assets and contracts","Bylaws must reserve budget/settlement, debt bans, major asset disposition and contract authority, while delegating controls, support eligibility, amounts and evidence rules to a GA-enacted finance subrule.","Subrule must not alter reserved body, quorum, approval threshold, right or sanction fixed by bylaws.","ordinary operation; preserve actor, trigger, threshold, record and outcome",FIN
draft/subrules/B_funding_rules_draft.md,제10조(수납·구매·지급) ②,"회계가 지급안을 작성하면 회장 또는 이해관계 없는 임원이 근거·수취인·금액을 확인한다. 한도 초과, 이해관계자 거래 또는 회장·회계·세무단체 대표자가 수혜자인 지급은 임원회의 의결 후 이해관계 없는 임원 두 명이 확인한다. 한 사람만 이체할 수 있으면 확인자는 3일 안에 거래 내역을 대조한다.","GA subrule F — finance, funding, assets and contracts","Bylaws must reserve budget/settlement, debt bans, major asset disposition and contract authority, while delegating controls, support eligibility, amounts and evidence rules to a GA-enacted finance subrule.","Subrule must not alter reserved body, quorum, approval threshold, right or sanction fixed by bylaws. Threshold/denominator duplicate risk: keep one authoritative statement and test every cross-reference. Deadline/retention duplicate risk: centralize or cross-reference; do not silently change on relocation. Conflict/independence safeguard must remain attached to the decision it constrains.",conflicted decision-maker fallback; tax classification/filing continuity,FIN
draft/subrules/B_funding_rules_draft.md,제10조(수납·구매·지급) ③,이해관계 없는 임원은 매월 계좌와 장부를 대조한다. 모든 수입은 공식 계좌·결제 수단으로 받고 총수입과 지출을 따로 기록한다.,"GA subrule F — finance, funding, assets and contracts","Bylaws must reserve budget/settlement, debt bans, major asset disposition and contract authority, while delegating controls, support eligibility, amounts and evidence rules to a GA-enacted finance subrule.","Subrule must not alter reserved body, quorum, approval threshold, right or sanction fixed by bylaws. Conflict/independence safeguard must remain attached to the decision it constrains.",conflicted decision-maker fallback,FIN
draft/subrules/B_funding_rules_draft.md,제10조(수납·구매·지급) ④,"불가피하게 현금이나 개인 명의 수단으로 임시 수납하려면 회계와 이해관계 없는 임원이 목적·최대 금액·7일 이내의 기간을 사전 승인해야 한다. 회계가 수납자이거나 직무를 수행할 수 없으면 이해관계 없는 임원 두 명이 승인하고, 연장은 임원회의가 정한다. 두 사람이 금액을 확인하여 영수증을 발급하고 3영업일 안에 공식 계좌로 이전한다.","GA subrule F — finance, funding, assets and contracts","Bylaws must reserve budget/settlement, debt bans, major asset disposition and contract authority, while delegating controls, support eligibility, amounts and evidence rules to a GA-enacted finance subrule.","Subrule must not alter reserved body, quorum, approval threshold, right or sanction fixed by bylaws. Threshold/denominator duplicate risk: keep one authoritative statement and test every cross-reference. Deadline/retention duplicate risk: centralize or cross-reference; do not silently change on relocation. Conflict/independence safeguard must remain attached to the decision it constrains.",incapacity fallback; conflicted decision-maker fallback; person-named account recovery/transfer,FIN
draft/subrules/B_funding_rules_draft.md,제10조(수납·구매·지급) ⑤,선급금·가지급금은 직접 지급·사후 환급이 어려울 때 수령인·목적·한도·사용 기한을 정하여 승인한다. 정산 기한은 사용 기한이 끝난 날부터 14일 이내로 정한다. 수령인은 정산 기한까지 증빙과 미사용액을 제출하고 미정산 상태에서는 새 선급금을 받을 수 없다.,"GA subrule F — finance, funding, assets and contracts","Bylaws must reserve budget/settlement, debt bans, major asset disposition and contract authority, while delegating controls, support eligibility, amounts and evidence rules to a GA-enacted finance subrule.","Subrule must not alter reserved body, quorum, approval threshold, right or sanction fixed by bylaws. Deadline/retention duplicate risk: centralize or cross-reference; do not silently change on relocation.","ordinary operation; preserve actor, trigger, threshold, record and outcome",FIN
draft/subrules/B_funding_rules_draft.md,제10조(수납·구매·지급) ⑥,제3조의 한도 초과 지출은 둘 이상의 가격 근거를 비교한다. 대안이 없거나 긴급하면 비교할 수 없는 사유와 가격의 합리성을 기록한다.,"GA subrule F — finance, funding, assets and contracts","Bylaws must reserve budget/settlement, debt bans, major asset disposition and contract authority, while delegating controls, support eligibility, amounts and evidence rules to a GA-enacted finance subrule.","Subrule must not alter reserved body, quorum, approval threshold, right or sanction fixed by bylaws.","emergency action, notice, ratification and unwind",FIN
draft/subrules/B_funding_rules_draft.md,제11조(정산과 증빙) ①,신청자는 지출 후 14일 안에 판매자·일자·품목·금액을 확인할 자료를 제출한다. 지급·활동·수령 사실과 환불·잔액·귀속을 확인할 자료도 제출한다.,"GA subrule F — finance, funding, assets and contracts","Bylaws must reserve budget/settlement, debt bans, major asset disposition and contract authority, while delegating controls, support eligibility, amounts and evidence rules to a GA-enacted finance subrule.","Subrule must not alter reserved body, quorum, approval threshold, right or sanction fixed by bylaws. Deadline/retention duplicate risk: centralize or cross-reference; do not silently change on relocation.",mistaken payment/pre-meeting withdrawal refund,FIN
draft/subrules/B_funding_rules_draft.md,제11조(정산과 증빙) ②,영수증이 없으면 분실 사유와 대체 증빙을 제출한다.,"GA subrule F — finance, funding, assets and contracts","Bylaws must reserve budget/settlement, debt bans, major asset disposition and contract authority, while delegating controls, support eligibility, amounts and evidence rules to a GA-enacted finance subrule.","Subrule must not alter reserved body, quorum, approval threshold, right or sanction fixed by bylaws.","ordinary operation; preserve actor, trigger, threshold, record and outcome",FIN
draft/subrules/B_funding_rules_draft.md,제11조(정산과 증빙) ③,미사용·환불·중복 금액은 즉시 반환한다.,"GA subrule F — finance, funding, assets and contracts","Bylaws must reserve budget/settlement, debt bans, major asset disposition and contract authority, while delegating controls, support eligibility, amounts and evidence rules to a GA-enacted finance subrule.","Subrule must not alter reserved body, quorum, approval threshold, right or sanction fixed by bylaws.",mistaken payment/pre-meeting withdrawal refund,FIN
draft/subrules/B_funding_rules_draft.md,제12조(개인정보) ①,"증빙은 최소한만 수집하고 주민등록번호·전체 카드번호·불필요한 제3자 정보는 가린다. 사진을 촬영하거나 공개할 때에는 그 목적을 알리고, 동의하지 않은 사람은 불이익 없이 제외하거나 가린다.","GA subrule F — finance, funding, assets and contracts","Bylaws must reserve budget/settlement, debt bans, major asset disposition and contract authority, while delegating controls, support eligibility, amounts and evidence rules to a GA-enacted finance subrule.","Subrule must not alter reserved body, quorum, approval threshold, right or sanction fixed by bylaws.","ordinary operation; preserve actor, trigger, threshold, record and outcome",FIN
draft/subrules/B_funding_rules_draft.md,제12조(개인정보) ②,원본은 회계·점검·분쟁 처리 담당자만 열람하고 공개본은 개인정보를 제거한다.,"GA subrule F — finance, funding, assets and contracts","Bylaws must reserve budget/settlement, debt bans, major asset disposition and contract authority, while delegating controls, support eligibility, amounts and evidence rules to a GA-enacted finance subrule.","Subrule must not alter reserved body, quorum, approval threshold, right or sanction fixed by bylaws. Privacy/secrecy overlap: align with privacy policy without weakening purpose limitation or ballot confidentiality.","ordinary operation; preserve actor, trigger, threshold, record and outcome",FIN
draft/subrules/B_funding_rules_draft.md,제12조(개인정보) ③,"회원의 열람 청구에는 개인정보를 가린 사본·발췌 또는 이해관계 없는 점검자의 확인 결과를 제공하고, 거절하거나 일부만 공개할 때에는 사유·재검토일·이의 방법을 알린다.","GA subrule F — finance, funding, assets and contracts","Bylaws must reserve budget/settlement, debt bans, major asset disposition and contract authority, while delegating controls, support eligibility, amounts and evidence rules to a GA-enacted finance subrule.","Subrule must not alter reserved body, quorum, approval threshold, right or sanction fixed by bylaws. Privacy/secrecy overlap: align with privacy policy without weakening purpose limitation or ballot confidentiality. Conflict/independence safeguard must remain attached to the decision it constrains.",conflicted decision-maker fallback; independent reconsideration,FIN
draft/subrules/B_funding_rules_draft.md,제13조(공개와 보존) ①,재정 보고에는 사업·수혜 유형·승인·지급액·근거·정산 상태를 적고 개인 계좌 정보는 공개하지 않는다.,"GA subrule F — finance, funding, assets and contracts","Bylaws must reserve budget/settlement, debt bans, major asset disposition and contract authority, while delegating controls, support eligibility, amounts and evidence rules to a GA-enacted finance subrule.","Subrule must not alter reserved body, quorum, approval threshold, right or sanction fixed by bylaws.","ordinary operation; preserve actor, trigger, threshold, record and outcome",FIN
draft/subrules/B_funding_rules_draft.md,제13조(공개와 보존) ②,"신청서와 보완자료는 2년간 보존하고, 최종 결정기록과 지급 증빙은 5년간 보존한다.","GA subrule F — finance, funding, assets and contracts","Bylaws must reserve budget/settlement, debt bans, major asset disposition and contract authority, while delegating controls, support eligibility, amounts and evidence rules to a GA-enacted finance subrule.","Subrule must not alter reserved body, quorum, approval threshold, right or sanction fixed by bylaws. Deadline/retention duplicate risk: centralize or cross-reference; do not silently change on relocation.",record retention and deletion,FIN
draft/subrules/B_funding_rules_draft.md,제13조(공개와 보존) ③,세무 자료는 법정 기간 동안 보존한다. 계약·자산 기록은 종료·처분 후 5년 이상 보존한다.,"GA subrule F — finance, funding, assets and contracts","Bylaws must reserve budget/settlement, debt bans, major asset disposition and contract authority, while delegating controls, support eligibility, amounts and evidence rules to a GA-enacted finance subrule.","Subrule must not alter reserved body, quorum, approval threshold, right or sanction fixed by bylaws. Deadline/retention duplicate risk: centralize or cross-reference; do not silently change on relocation.",contract authority and total-obligation review; tax classification/filing continuity; record retention and deletion,FIN
draft/subrules/B_funding_rules_draft.md,제13조(공개와 보존) ④,더 긴 외부 의무가 있으면 그 근거를 따른다.,"GA subrule F — finance, funding, assets and contracts","Bylaws must reserve budget/settlement, debt bans, major asset disposition and contract authority, while delegating controls, support eligibility, amounts and evidence rules to a GA-enacted finance subrule.","Subrule must not alter reserved body, quorum, approval threshold, right or sanction fixed by bylaws.","ordinary operation; preserve actor, trigger, threshold, record and outcome",FIN
draft/subrules/B_funding_rules_draft.md,제13조(공개와 보존) ⑤,미지급 신청의 민감 정보는 이의 기간 후 90일 안에 삭제한다. 분쟁 자료는 필요한 기간만 보존한다.,"GA subrule F — finance, funding, assets and contracts","Bylaws must reserve budget/settlement, debt bans, major asset disposition and contract authority, while delegating controls, support eligibility, amounts and evidence rules to a GA-enacted finance subrule.","Subrule must not alter reserved body, quorum, approval threshold, right or sanction fixed by bylaws. Deadline/retention duplicate risk: centralize or cross-reference; do not silently change on relocation.",record retention and deletion,FIN
draft/subrules/B_funding_rules_draft.md,제14조(오지급·허위신청) ①,본회는 오지급·중복지급의 근거와 14일 이상의 반환 기한을 당사자에게 통지하고 지급액을 회수한다.,"GA subrule F — finance, funding, assets and contracts","Bylaws must reserve budget/settlement, debt bans, major asset disposition and contract authority, while delegating controls, support eligibility, amounts and evidence rules to a GA-enacted finance subrule.","Subrule must not alter reserved body, quorum, approval threshold, right or sanction fixed by bylaws. Deadline/retention duplicate risk: centralize or cross-reference; do not silently change on relocation.","ordinary operation; preserve actor, trigger, threshold, record and outcome",FIN
draft/subrules/B_funding_rules_draft.md,제14조(오지급·허위신청) ②,당사자는 7일 안에 이의를 제기할 수 있다. 본회는 다른 지원금과 임의로 상계하지 않는다.,"GA subrule F — finance, funding, assets and contracts","Bylaws must reserve budget/settlement, debt bans, major asset disposition and contract authority, while delegating controls, support eligibility, amounts and evidence rules to a GA-enacted finance subrule.","Subrule must not alter reserved body, quorum, approval threshold, right or sanction fixed by bylaws. Deadline/retention duplicate risk: centralize or cross-reference; do not silently change on relocation.","ordinary operation; preserve actor, trigger, threshold, record and outcome",FIN
draft/subrules/B_funding_rules_draft.md,제14조(오지급·허위신청) ③,고의적인 허위·중복 신청 또는 책임이나 손해액에 관한 다툼은 「SCSC 회칙」 제9장 절차로 넘긴다.,"GA subrule F — finance, funding, assets and contracts","Bylaws must reserve budget/settlement, debt bans, major asset disposition and contract authority, while delegating controls, support eligibility, amounts and evidence rules to a GA-enacted finance subrule.","Subrule must not alter reserved body, quorum, approval threshold, right or sanction fixed by bylaws.","ordinary operation; preserve actor, trigger, threshold, record and outcome",FIN
draft/subrules/B_funding_rules_draft.md,제14조(오지급·허위신청) ④,임원회의는 회수 노력과 결과를 확인한 뒤 분할 상환 또는 회수 불능 처리를 할 수 있다. 이 경우 그 이유를 기록한다.,"GA subrule F — finance, funding, assets and contracts","Bylaws must reserve budget/settlement, debt bans, major asset disposition and contract authority, while delegating controls, support eligibility, amounts and evidence rules to a GA-enacted finance subrule.","Subrule must not alter reserved body, quorum, approval threshold, right or sanction fixed by bylaws.","ordinary operation; preserve actor, trigger, threshold, record and outcome",FIN
draft/subrules/B_funding_rules_draft.md,제15조(분류와 지원 대상) ①,PIG는 목표·기간·산출물이 있는 컴퓨터 프로젝트 모임이다.,"GA subrule F — finance, funding, assets and contracts","Bylaws must reserve budget/settlement, debt bans, major asset disposition and contract authority, while delegating controls, support eligibility, amounts and evidence rules to a GA-enacted finance subrule.","Subrule must not alter reserved body, quorum, approval threshold, right or sanction fixed by bylaws.","ordinary operation; preserve actor, trigger, threshold, record and outcome",FIN
draft/subrules/B_funding_rules_draft.md,제15조(분류와 지원 대상) ②,"컴퓨터 관련 SIG는 학습·연구·실습 모임이고, 소모임 SIG는 그 밖의 모임이다.","GA subrule F — finance, funding, assets and contracts","Bylaws must reserve budget/settlement, debt bans, major asset disposition and contract authority, while delegating controls, support eligibility, amounts and evidence rules to a GA-enacted finance subrule.","Subrule must not alter reserved body, quorum, approval threshold, right or sanction fixed by bylaws.","ordinary operation; preserve actor, trigger, threshold, record and outcome",FIN
draft/subrules/B_funding_rules_draft.md,제15조(분류와 지원 대상) ③,컴퓨터 관련 SIG와 PIG에는 직접 필요한 교재·교육·개발 도구·클라우드·데이터·재료·장비를 지원할 수 있다. 식비는 제20조에 따른다.,"GA subrule F — finance, funding, assets and contracts","Bylaws must reserve budget/settlement, debt bans, major asset disposition and contract authority, while delegating controls, support eligibility, amounts and evidence rules to a GA-enacted finance subrule.","Subrule must not alter reserved body, quorum, approval threshold, right or sanction fixed by bylaws.","ordinary operation; preserve actor, trigger, threshold, record and outcome",FIN
draft/subrules/B_funding_rules_draft.md,제16조(활동지원 한도) ①,소모임 SIG는 지원하지 않는다.,"GA subrule F — finance, funding, assets and contracts","Bylaws must reserve budget/settlement, debt bans, major asset disposition and contract authority, while delegating controls, support eligibility, amounts and evidence rules to a GA-enacted finance subrule.","Subrule must not alter reserved body, quorum, approval threshold, right or sanction fixed by bylaws.","ordinary operation; preserve actor, trigger, threshold, record and outcome",FIN
draft/subrules/B_funding_rules_draft.md,제16조(활동지원 한도) ②,"컴퓨터 관련 SIG는 학기당 50,000원까지 지원한다.","GA subrule F — finance, funding, assets and contracts","Bylaws must reserve budget/settlement, debt bans, major asset disposition and contract authority, while delegating controls, support eligibility, amounts and evidence rules to a GA-enacted finance subrule.","Subrule must not alter reserved body, quorum, approval threshold, right or sanction fixed by bylaws.","ordinary operation; preserve actor, trigger, threshold, record and outcome",FIN
draft/subrules/B_funding_rules_draft.md,제16조(활동지원 한도) ③,PIG는 임원회의가 승인한 항목별 프로젝트 예산까지 지원한다.,"GA subrule F — finance, funding, assets and contracts","Bylaws must reserve budget/settlement, debt bans, major asset disposition and contract authority, while delegating controls, support eligibility, amounts and evidence rules to a GA-enacted finance subrule.","Subrule must not alter reserved body, quorum, approval threshold, right or sanction fixed by bylaws.","ordinary operation; preserve actor, trigger, threshold, record and outcome",FIN
draft/subrules/B_funding_rules_draft.md,제16조(활동지원 한도) ④,같은 활동의 분류 변경 전후 지원은 합산한다.,"GA subrule F — finance, funding, assets and contracts","Bylaws must reserve budget/settlement, debt bans, major asset disposition and contract authority, while delegating controls, support eligibility, amounts and evidence rules to a GA-enacted finance subrule.","Subrule must not alter reserved body, quorum, approval threshold, right or sanction fixed by bylaws.","ordinary operation; preserve actor, trigger, threshold, record and outcome",FIN
draft/subrules/B_funding_rules_draft.md,제17조(디지털 서비스) ①,"계정·라이선스의 귀속과 이용자, 데이터 제한, 결제·갱신·해지 및 종료 후 자료 처리는 사전에 승인받아야 한다.","GA subrule F — finance, funding, assets and contracts","Bylaws must reserve budget/settlement, debt bans, major asset disposition and contract authority, while delegating controls, support eligibility, amounts and evidence rules to a GA-enacted finance subrule.","Subrule must not alter reserved body, quorum, approval threshold, right or sanction fixed by bylaws.","ordinary operation; preserve actor, trigger, threshold, record and outcome",FIN
draft/subrules/B_funding_rules_draft.md,제17조(디지털 서비스) ②,자동 갱신되는 서비스는 갱신 전에 필요성과 예산을 다시 승인받아야 한다.,"GA subrule F — finance, funding, assets and contracts","Bylaws must reserve budget/settlement, debt bans, major asset disposition and contract authority, while delegating controls, support eligibility, amounts and evidence rules to a GA-enacted finance subrule.","Subrule must not alter reserved body, quorum, approval threshold, right or sanction fixed by bylaws.","ordinary operation; preserve actor, trigger, threshold, record and outcome",FIN
draft/subrules/B_funding_rules_draft.md,제17조(디지털 서비스) ③,개인 명의만 허용되는 서비스는 「SCSC 회칙」 제33조의 기록·복구 조건을 충족해야 한다.,"GA subrule F — finance, funding, assets and contracts","Bylaws must reserve budget/settlement, debt bans, major asset disposition and contract authority, while delegating controls, support eligibility, amounts and evidence rules to a GA-enacted finance subrule.","Subrule must not alter reserved body, quorum, approval threshold, right or sanction fixed by bylaws.",person-named account recovery/transfer; tested account recovery and backup,FIN
draft/subrules/B_funding_rules_draft.md,제18조(교재·장비) ①,"외부 지원·계약 조건에서 달리 정하지 않는 한, 본회 재원이나 관리 지원금으로 구입비의 전부 또는 일부를 부담한 재사용 교재·장비는 본회 자산으로 등록한다. 반환 조건도 함께 정한다.","GA subrule F — finance, funding, assets and contracts","Bylaws must reserve budget/settlement, debt bans, major asset disposition and contract authority, while delegating controls, support eligibility, amounts and evidence rules to a GA-enacted finance subrule.","Subrule must not alter reserved body, quorum, approval threshold, right or sanction fixed by bylaws.",contract authority and total-obligation review,FIN
draft/subrules/B_funding_rules_draft.md,제18조(교재·장비) ②,소모품이나 법령·계약상 개인 귀속이 불가피한 물품은 승인할 때 그 사유를 기록한다.,"GA subrule F — finance, funding, assets and contracts","Bylaws must reserve budget/settlement, debt bans, major asset disposition and contract authority, while delegating controls, support eligibility, amounts and evidence rules to a GA-enacted finance subrule.","Subrule must not alter reserved body, quorum, approval threshold, right or sanction fixed by bylaws.",contract authority and total-obligation review,FIN
draft/subrules/B_funding_rules_draft.md,제19조(활동 결과),지원을 받은 SIG·PIG는 학기 말까지 활동·산출물·사용액과 남은 자산·계정을 보고한다. 정당한 사유 없이 정산·보고하지 않으면 보완할 때까지 신규 지원을 보류할 수 있다.,"GA subrule F — finance, funding, assets and contracts","Bylaws must reserve budget/settlement, debt bans, major asset disposition and contract authority, while delegating controls, support eligibility, amounts and evidence rules to a GA-enacted finance subrule.","Subrule must not alter reserved body, quorum, approval threshold, right or sanction fixed by bylaws.","ordinary operation; preserve actor, trigger, threshold, record and outcome",FIN
draft/subrules/B_funding_rules_draft.md,제20조(대상과 한도) ①,실제로 활동한 컴퓨터 관련 SIG와 PIG에는 학기 말에 한 차례 회식비를 지원한다.,"GA subrule F — finance, funding, assets and contracts","Bylaws must reserve budget/settlement, debt bans, major asset disposition and contract authority, while delegating controls, support eligibility, amounts and evidence rules to a GA-enacted finance subrule.","Subrule must not alter reserved body, quorum, approval threshold, right or sanction fixed by bylaws.","ordinary operation; preserve actor, trigger, threshold, record and outcome",FIN
draft/subrules/B_funding_rules_draft.md,제20조(대상과 한도) ②,"지원액은 실제 참석 회원 수에 10,000원을 곱한 금액과 적격 지출액 중 적은 금액으로 한다.","GA subrule F — finance, funding, assets and contracts","Bylaws must reserve budget/settlement, debt bans, major asset disposition and contract authority, while delegating controls, support eligibility, amounts and evidence rules to a GA-enacted finance subrule.","Subrule must not alter reserved body, quorum, approval threshold, right or sanction fixed by bylaws.","ordinary operation; preserve actor, trigger, threshold, record and outcome",FIN
draft/subrules/B_funding_rules_draft.md,제20조(대상과 한도) ③,"소모임 SIG, 주류·담배와 불참자 비용은 지원 대상에서 제외한다.","GA subrule F — finance, funding, assets and contracts","Bylaws must reserve budget/settlement, debt bans, major asset disposition and contract authority, while delegating controls, support eligibility, amounts and evidence rules to a GA-enacted finance subrule.","Subrule must not alter reserved body, quorum, approval threshold, right or sanction fixed by bylaws.","ordinary operation; preserve actor, trigger, threshold, record and outcome",FIN
draft/subrules/B_funding_rules_draft.md,제21조(승인과 정산),"SIG장은 회식 전에 일시·장소·예상 인원·한도를 신청하고, 회식 후 영수증과 실제 참석 확인을 제출한다.","GA subrule F — finance, funding, assets and contracts","Bylaws must reserve budget/settlement, debt bans, major asset disposition and contract authority, while delegating controls, support eligibility, amounts and evidence rules to a GA-enacted finance subrule.","Subrule must not alter reserved body, quorum, approval threshold, right or sanction fixed by bylaws.","ordinary operation; preserve actor, trigger, threshold, record and outcome",FIN
draft/subrules/B_funding_rules_draft.md,제22조(중복·분할 금지),같은 모임의 회식비를 나누거나 다른 항목과 중복 청구할 수 없다.,"GA subrule F — finance, funding, assets and contracts","Bylaws must reserve budget/settlement, debt bans, major asset disposition and contract authority, while delegating controls, support eligibility, amounts and evidence rules to a GA-enacted finance subrule.","Subrule must not alter reserved body, quorum, approval threshold, right or sanction fixed by bylaws.","ordinary operation; preserve actor, trigger, threshold, record and outcome",FIN
draft/subrules/B_funding_rules_draft.md,제23조(성격),기초 SIG장 장려금은 신입 회원 교육과 운영에 대한 활동 장려금이며 비용 환급과 구분한다.,"GA subrule F — finance, funding, assets and contracts","Bylaws must reserve budget/settlement, debt bans, major asset disposition and contract authority, while delegating controls, support eligibility, amounts and evidence rules to a GA-enacted finance subrule.","Subrule must not alter reserved body, quorum, approval threshold, right or sanction fixed by bylaws.","ordinary operation; preserve actor, trigger, threshold, record and outcome",FIN
draft/subrules/B_funding_rules_draft.md,제24조(지급액),"정상 운영된 기초 SIG당 150,000원을 지급한다. 공동 SIG장에게는 총액 범위에서 나누어 지급하며, 한 사람이 여러 SIG를 맡은 경우의 총액은 예산에서 미리 정한다.","GA subrule F — finance, funding, assets and contracts","Bylaws must reserve budget/settlement, debt bans, major asset disposition and contract authority, while delegating controls, support eligibility, amounts and evidence rules to a GA-enacted finance subrule.","Subrule must not alter reserved body, quorum, approval threshold, right or sanction fixed by bylaws.","ordinary operation; preserve actor, trigger, threshold, record and outcome",FIN
draft/subrules/B_funding_rules_draft.md,제25조(자격과 회피),"수령인은 지급 시 재적회원이어야 하고 실제 직무를 수행해야 한다. 「SCSC 회칙」 제14조제3항 또는 제39조에 따라 기초 SIG장 직무나 해당 활동에 관한 권한이 정지·제한된 기간의 활동은 제27조의 정상 운영 여부를 판단할 때 제외하고, 지급일에 그 정지·제한이 계속 중인 사람에게는 지급하지 않는다. 이해관계자는 인정·지급 결정에서 회피한다.","GA subrule F — finance, funding, assets and contracts","Bylaws must reserve budget/settlement, debt bans, major asset disposition and contract authority, while delegating controls, support eligibility, amounts and evidence rules to a GA-enacted finance subrule.","Subrule must not alter reserved body, quorum, approval threshold, right or sanction fixed by bylaws. Conflict/independence safeguard must remain attached to the decision it constrains.",conflicted decision-maker fallback,FIN
draft/subrules/B_funding_rules_draft.md,제26조(기초 SIG 인정) ①,임원회의는 신입·초심자를 대상으로 하는지와 구체적인 컴퓨터 교육 계획이 있는지를 확인한다. 일정·자료·진행자 및 공개 모집 여부도 확인하여 기초 SIG를 지정한다.,"GA subrule F — finance, funding, assets and contracts","Bylaws must reserve budget/settlement, debt bans, major asset disposition and contract authority, while delegating controls, support eligibility, amounts and evidence rules to a GA-enacted finance subrule.","Subrule must not alter reserved body, quorum, approval threshold, right or sanction fixed by bylaws.","ordinary operation; preserve actor, trigger, threshold, record and outcome",FIN
draft/subrules/B_funding_rules_draft.md,제26조(기초 SIG 인정) ②,임원회의는 지정 결과·이유·이의 방법을 알린다.,"GA subrule F — finance, funding, assets and contracts","Bylaws must reserve budget/settlement, debt bans, major asset disposition and contract authority, while delegating controls, support eligibility, amounts and evidence rules to a GA-enacted finance subrule.","Subrule must not alter reserved body, quorum, approval threshold, right or sanction fixed by bylaws.","ordinary operation; preserve actor, trigger, threshold, record and outcome",FIN
draft/subrules/B_funding_rules_draft.md,제26조(기초 SIG 인정) ③,지정을 취소하기 전에는 이유를 알리고 보완 기회를 제공한다.,"GA subrule F — finance, funding, assets and contracts","Bylaws must reserve budget/settlement, debt bans, major asset disposition and contract authority, while delegating controls, support eligibility, amounts and evidence rules to a GA-enacted finance subrule.","Subrule must not alter reserved body, quorum, approval threshold, right or sanction fixed by bylaws.","ordinary operation; preserve actor, trigger, threshold, record and outcome",FIN
draft/subrules/B_funding_rules_draft.md,제27조(평가) ①,SIG장은 운영 횟수·내용·참여·자료·변경 및 인계 사항을 제출한다.,"GA subrule F — finance, funding, assets and contracts","Bylaws must reserve budget/settlement, debt bans, major asset disposition and contract authority, while delegating controls, support eligibility, amounts and evidence rules to a GA-enacted finance subrule.","Subrule must not alter reserved body, quorum, approval threshold, right or sanction fixed by bylaws.",handover and access revocation,FIN
draft/subrules/B_funding_rules_draft.md,제27조(평가) ②,회계는 예산·중복을 확인한다.,"GA subrule F — finance, funding, assets and contracts","Bylaws must reserve budget/settlement, debt bans, major asset disposition and contract authority, while delegating controls, support eligibility, amounts and evidence rules to a GA-enacted finance subrule.","Subrule must not alter reserved body, quorum, approval threshold, right or sanction fixed by bylaws.","ordinary operation; preserve actor, trigger, threshold, record and outcome",FIN
draft/subrules/B_funding_rules_draft.md,제27조(평가) ③,이해관계자를 제외한 임원회의는 계획 이행과 교육 제공을 종합하여 정상 운영 여부를 정한다.,"GA subrule F — finance, funding, assets and contracts","Bylaws must reserve budget/settlement, debt bans, major asset disposition and contract authority, while delegating controls, support eligibility, amounts and evidence rules to a GA-enacted finance subrule.","Subrule must not alter reserved body, quorum, approval threshold, right or sanction fixed by bylaws. Conflict/independence safeguard must remain attached to the decision it constrains.",conflicted decision-maker fallback,FIN
draft/subrules/B_funding_rules_draft.md,제28조(보증금 금지),장려금 신청·지급을 조건으로 SIG장에게 보증금을 요구할 수 없다.,"GA subrule F — finance, funding, assets and contracts","Bylaws must reserve budget/settlement, debt bans, major asset disposition and contract authority, while delegating controls, support eligibility, amounts and evidence rules to a GA-enacted finance subrule.","Subrule must not alter reserved body, quorum, approval threshold, right or sanction fixed by bylaws.","ordinary operation; preserve actor, trigger, threshold, record and outcome",FIN
draft/subrules/B_funding_rules_draft.md,제29조(세무 확인) ①,"회계는 지급 전에 재원의 개인 지급 제한과 소득 분류, 과세·원천징수·지급명세 의무를 확인하여 기록한다.","GA subrule F — finance, funding, assets and contracts","Bylaws must reserve budget/settlement, debt bans, major asset disposition and contract authority, while delegating controls, support eligibility, amounts and evidence rules to a GA-enacted finance subrule.","Subrule must not alter reserved body, quorum, approval threshold, right or sanction fixed by bylaws.","ordinary operation; preserve actor, trigger, threshold, record and outcome",FIN
draft/subrules/B_funding_rules_draft.md,제29조(세무 확인) ②,사용할 수 없는 재원에서는 지급하지 않는다.,"GA subrule F — finance, funding, assets and contracts","Bylaws must reserve budget/settlement, debt bans, major asset disposition and contract authority, while delegating controls, support eligibility, amounts and evidence rules to a GA-enacted finance subrule.","Subrule must not alter reserved body, quorum, approval threshold, right or sanction fixed by bylaws.","ordinary operation; preserve actor, trigger, threshold, record and outcome",FIN
draft/subrules/B_funding_rules_draft.md,제29조(세무 확인) ③,"원천징수 의무가 있으면 징수액을 뺀 금액을 지급하고, 징수액을 납부할 부채로 기록하여 신고·납부·제출이 끝날 때까지 관리한다.","GA subrule F — finance, funding, assets and contracts","Bylaws must reserve budget/settlement, debt bans, major asset disposition and contract authority, while delegating controls, support eligibility, amounts and evidence rules to a GA-enacted finance subrule.","Subrule must not alter reserved body, quorum, approval threshold, right or sanction fixed by bylaws.",safe intake and external-reporting option,FIN
draft/subrules/B_funding_rules_draft.md,제30조(대상) ①,신청일과 참가일을 기준으로 대회에 등록한 팀원의 80% 이상이 회원인 컴퓨터 관련 대회 참가팀을 지원할 수 있다. 지원 대상은 실제로 참가한 회원으로 한정한다.,"GA subrule F — finance, funding, assets and contracts","Bylaws must reserve budget/settlement, debt bans, major asset disposition and contract authority, while delegating controls, support eligibility, amounts and evidence rules to a GA-enacted finance subrule.","Subrule must not alter reserved body, quorum, approval threshold, right or sanction fixed by bylaws.","ordinary operation; preserve actor, trigger, threshold, record and outcome",FIN
draft/subrules/B_funding_rules_draft.md,제30조(대상) ②,팀원 명단이 바뀌면 지급 전에 회원 비율과 실제 참가자를 다시 확인한다.,"GA subrule F — finance, funding, assets and contracts","Bylaws must reserve budget/settlement, debt bans, major asset disposition and contract authority, while delegating controls, support eligibility, amounts and evidence rules to a GA-enacted finance subrule.","Subrule must not alter reserved body, quorum, approval threshold, right or sanction fixed by bylaws.","ordinary operation; preserve actor, trigger, threshold, record and outcome",FIN
draft/subrules/B_funding_rules_draft.md,제31조(한도와 항목),"지원 한도는 실제 참가 회원 수에 10,000원을 곱한 금액이다. 공식 일정상 숙박이 필요하고 팀원 전원이 회원이면 총 한도는 실제 참가 회원 수에 20,000원을 곱한 금액이다. 등록·플랫폼·숙박 등 직접 비용에 사용하며 교통·식비는 별도 예산과 승인이 있어야 한다.","GA subrule F — finance, funding, assets and contracts","Bylaws must reserve budget/settlement, debt bans, major asset disposition and contract authority, while delegating controls, support eligibility, amounts and evidence rules to a GA-enacted finance subrule.","Subrule must not alter reserved body, quorum, approval threshold, right or sanction fixed by bylaws.",high-risk event safety/insurance/school checks,FIN
draft/subrules/B_funding_rules_draft.md,제32조(신청),"대회명·주최자·공식 안내, 팀원과 자격 기준일, 참가 단계·비용·다른 지원과 실제 참가를 확인할 자료를 제출한다.","GA subrule F — finance, funding, assets and contracts","Bylaws must reserve budget/settlement, debt bans, major asset disposition and contract authority, while delegating controls, support eligibility, amounts and evidence rules to a GA-enacted finance subrule.","Subrule must not alter reserved body, quorum, approval threshold, right or sanction fixed by bylaws.","ordinary operation; preserve actor, trigger, threshold, record and outcome",FIN
draft/subrules/B_funding_rules_draft.md,제33조(간소심사) ①,임원회의는 개최 이력·관련성·주최자·참가 구조를 확인한 대회를 학기별 간소심사 목록에 둘 수 있다.,"GA subrule F — finance, funding, assets and contracts","Bylaws must reserve budget/settlement, debt bans, major asset disposition and contract authority, while delegating controls, support eligibility, amounts and evidence rules to a GA-enacted finance subrule.","Subrule must not alter reserved body, quorum, approval threshold, right or sanction fixed by bylaws.","ordinary operation; preserve actor, trigger, threshold, record and outcome",FIN
draft/subrules/B_funding_rules_draft.md,제33조(간소심사) ②,간소심사에서는 관련성 확인만 간소화한다. 예산·회원 요건·중복·참가·증빙은 일반심사와 동일하게 심사한다.,"GA subrule F — finance, funding, assets and contracts","Bylaws must reserve budget/settlement, debt bans, major asset disposition and contract authority, while delegating controls, support eligibility, amounts and evidence rules to a GA-enacted finance subrule.","Subrule must not alter reserved body, quorum, approval threshold, right or sanction fixed by bylaws.","ordinary operation; preserve actor, trigger, threshold, record and outcome",FIN
draft/subrules/B_funding_rules_draft.md,제34조(행사·TF 지출),행사·TF 지출은 승인된 총액과 범위 안에서 집행하며 총액이나 범위를 초과하거나 계약 조건이 달라지면 다시 승인받는다.,"GA subrule F — finance, funding, assets and contracts","Bylaws must reserve budget/settlement, debt bans, major asset disposition and contract authority, while delegating controls, support eligibility, amounts and evidence rules to a GA-enacted finance subrule.","Subrule must not alter reserved body, quorum, approval threshold, right or sanction fixed by bylaws.",contract authority and total-obligation review,FIN
draft/subrules/B_funding_rules_draft.md,제35조(임원 회비),임원 회비는 「SCSC 회칙」 제16조에 따라 처리하고 결산에 별도 공개한다.,"GA subrule F — finance, funding, assets and contracts","Bylaws must reserve budget/settlement, debt bans, major asset disposition and contract authority, while delegating controls, support eligibility, amounts and evidence rules to a GA-enacted finance subrule.","Subrule must not alter reserved body, quorum, approval threshold, right or sanction fixed by bylaws.","ordinary operation; preserve actor, trigger, threshold, record and outcome",FIN
draft/subrules/B_funding_rules_draft.md,제36조(자산 관리) ①,회계와 관리자는 물품·프로젝트·계정·구독의 취득 근거·재원·권리·관리자·위치·상태를 대장에 기록한다. 갱신·반환·종료에 관한 사항도 기록하고 매 학기 확인한다.,"GA subrule F — finance, funding, assets and contracts","Bylaws must reserve budget/settlement, debt bans, major asset disposition and contract authority, while delegating controls, support eligibility, amounts and evidence rules to a GA-enacted finance subrule.","Subrule must not alter reserved body, quorum, approval threshold, right or sanction fixed by bylaws.","ordinary operation; preserve actor, trigger, threshold, record and outcome",FIN
draft/subrules/B_funding_rules_draft.md,제36조(자산 관리) ②,비밀번호·복구코드 등 인증 비밀은 대장에 적지 않는다.,"GA subrule F — finance, funding, assets and contracts","Bylaws must reserve budget/settlement, debt bans, major asset disposition and contract authority, while delegating controls, support eligibility, amounts and evidence rules to a GA-enacted finance subrule.","Subrule must not alter reserved body, quorum, approval threshold, right or sanction fixed by bylaws.",tested account recovery and backup,FIN
draft/subrules/B_funding_rules_draft.md,제36조(자산 관리) ③,회계와 관리자는 자산이나 권리를 개인에게 이전할 때 이해충돌·가치·대가·사유·조건을 기록한다.,"GA subrule F — finance, funding, assets and contracts","Bylaws must reserve budget/settlement, debt bans, major asset disposition and contract authority, while delegating controls, support eligibility, amounts and evidence rules to a GA-enacted finance subrule.","Subrule must not alter reserved body, quorum, approval threshold, right or sanction fixed by bylaws.","ordinary operation; preserve actor, trigger, threshold, record and outcome",FIN
draft/subrules/B_funding_rules_draft.md,제36조(자산 관리) ④,프로젝트에 관하여는 참여자·저장소·라이선스·권리 합의·유지관리·인계를 기록한다.,"GA subrule F — finance, funding, assets and contracts","Bylaws must reserve budget/settlement, debt bans, major asset disposition and contract authority, while delegating controls, support eligibility, amounts and evidence rules to a GA-enacted finance subrule.","Subrule must not alter reserved body, quorum, approval threshold, right or sanction fixed by bylaws.",handover and access revocation,FIN
draft/subrules/B_funding_rules_draft.md,제36조(자산 관리) ⑤,본회는 통상적인 마모를 개인에게 부담시키지 않는다.,"GA subrule F — finance, funding, assets and contracts","Bylaws must reserve budget/settlement, debt bans, major asset disposition and contract authority, while delegating controls, support eligibility, amounts and evidence rules to a GA-enacted finance subrule.","Subrule must not alter reserved body, quorum, approval threshold, right or sanction fixed by bylaws.","ordinary operation; preserve actor, trigger, threshold, record and outcome",FIN
draft/subrules/B_funding_rules_draft.md,제36조(자산 관리) ⑥,분실·훼손이 발생하면 본회는 당사자에게 실제 손해와 감가를 통지하여 배상 범위를 합의할 수 있다. 다툼이 있으면 「SCSC 회칙」 제9장 절차를 따른다.,"GA subrule F — finance, funding, assets and contracts","Bylaws must reserve budget/settlement, debt bans, major asset disposition and contract authority, while delegating controls, support eligibility, amounts and evidence rules to a GA-enacted finance subrule.","Subrule must not alter reserved body, quorum, approval threshold, right or sanction fixed by bylaws.","ordinary operation; preserve actor, trigger, threshold, record and outcome",FIN
draft/subrules/B_funding_rules_draft.md,제36조(자산 관리) ⑦,"회계와 관리자는 프로젝트·서비스가 종료되면 필요한 산출물·기록을 보존한다. 개인정보·비밀 정보, 접근 권한·갱신·결제 수단 및 저장소·도메인·배포 상태도 정리한다.","GA subrule F — finance, funding, assets and contracts","Bylaws must reserve budget/settlement, debt bans, major asset disposition and contract authority, while delegating controls, support eligibility, amounts and evidence rules to a GA-enacted finance subrule.","Subrule must not alter reserved body, quorum, approval threshold, right or sanction fixed by bylaws. Privacy/secrecy overlap: align with privacy policy without weakening purpose limitation or ballot confidentiality.",record retention and deletion,FIN
draft/subrules/B_funding_rules_draft.md,제36조(자산 관리) ⑧,복구 점검에서 발견된 문제는 즉시 보완하고 임원회의에 보고한다.,"GA subrule F — finance, funding, assets and contracts","Bylaws must reserve budget/settlement, debt bans, major asset disposition and contract authority, while delegating controls, support eligibility, amounts and evidence rules to a GA-enacted finance subrule.","Subrule must not alter reserved body, quorum, approval threshold, right or sanction fixed by bylaws.",tested account recovery and backup,FIN
draft/subrules/B_funding_rules_draft.md,제37조(운영방침과 금액 변경) ①,임원회의는 신청·증빙·보고 서식과 학기별 신청 도구·일정·반복 대회 목록을 정할 수 있다.,"GA subrule F — finance, funding, assets and contracts","Bylaws must reserve budget/settlement, debt bans, major asset disposition and contract authority, while delegating controls, support eligibility, amounts and evidence rules to a GA-enacted finance subrule.","Subrule must not alter reserved body, quorum, approval threshold, right or sanction fixed by bylaws.","ordinary operation; preserve actor, trigger, threshold, record and outcome",FIN
draft/subrules/B_funding_rules_draft.md,제37조(운영방침과 금액 변경) ②,제16조·제20조·제24조·제31조의 금액은 이 세칙을 개정해야 바꿀 수 있다.,"GA subrule F — finance, funding, assets and contracts","Bylaws must reserve budget/settlement, debt bans, major asset disposition and contract authority, while delegating controls, support eligibility, amounts and evidence rules to a GA-enacted finance subrule.","Subrule must not alter reserved body, quorum, approval threshold, right or sanction fixed by bylaws.","ordinary operation; preserve actor, trigger, threshold, record and outcome",FIN
draft/subrules/B_funding_rules_draft.md,제38조(개정),이 세칙은 「SCSC 회칙」 제42조에 따라 개정한다.,"GA subrule F — finance, funding, assets and contracts","Bylaws must reserve budget/settlement, debt bans, major asset disposition and contract authority, while delegating controls, support eligibility, amounts and evidence rules to a GA-enacted finance subrule.","Subrule must not alter reserved body, quorum, approval threshold, right or sanction fixed by bylaws.","ordinary operation; preserve actor, trigger, threshold, record and outcome",FIN
draft/subrules/B_funding_rules_draft.md,제1조(시행일),이 세칙은 2026년 8월 15일부터 시행한다.,"GA subrule F — finance, funding, assets and contracts","Bylaws must reserve budget/settlement, debt bans, major asset disposition and contract authority, while delegating controls, support eligibility, amounts and evidence rules to a GA-enacted finance subrule.","Subrule must not alter reserved body, quorum, approval threshold, right or sanction fixed by bylaws.","ordinary operation; preserve actor, trigger, threshold, record and outcome",FIN
draft/subrules/B_funding_rules_draft.md,제2조(기존 신청),시행 전에 승인된 신청에는 종전 기준을 적용하되 개인정보·중복 지원·증빙 보존 규정은 가능한 범위에서 적용한다.,"GA subrule F — finance, funding, assets and contracts","Bylaws must reserve budget/settlement, debt bans, major asset disposition and contract authority, while delegating controls, support eligibility, amounts and evidence rules to a GA-enacted finance subrule.","Subrule must not alter reserved body, quorum, approval threshold, right or sanction fixed by bylaws. Privacy/secrecy overlap: align with privacy policy without weakening purpose limitation or ballot confidentiality.",record retention and deletion,FIN
draft/subrules/B_funding_rules_draft.md,제3조(기존 자산) ①,임원진은 시행 후 60일 안에 기존 물품·프로젝트·계정·구독을 대장에 기록한다.,"GA subrule F — finance, funding, assets and contracts","Bylaws must reserve budget/settlement, debt bans, major asset disposition and contract authority, while delegating controls, support eligibility, amounts and evidence rules to a GA-enacted finance subrule.","Subrule must not alter reserved body, quorum, approval threshold, right or sanction fixed by bylaws.","ordinary operation; preserve actor, trigger, threshold, record and outcome",FIN
draft/subrules/B_funding_rules_draft.md,제3조(기존 자산) ②,서면 합의가 없는 프로젝트의 저작권 이전을 소급하여 추정하지 않는다.,"GA subrule F — finance, funding, assets and contracts","Bylaws must reserve budget/settlement, debt bans, major asset disposition and contract authority, while delegating controls, support eligibility, amounts and evidence rules to a GA-enacted finance subrule.","Subrule must not alter reserved body, quorum, approval threshold, right or sanction fixed by bylaws.",project IP ownership versus licence,FIN
draft/subrules/B_funding_rules_draft.md,제3조(기존 자산) ③,개인 명의 서비스는 조직 계정으로 옮기거나 명의·기간·복구·이전·갱신·해지 방법을 기록한다.,"GA subrule F — finance, funding, assets and contracts","Bylaws must reserve budget/settlement, debt bans, major asset disposition and contract authority, while delegating controls, support eligibility, amounts and evidence rules to a GA-enacted finance subrule.","Subrule must not alter reserved body, quorum, approval threshold, right or sanction fixed by bylaws.",person-named account recovery/transfer; tested account recovery and backup,FIN
draft/subrules/C_tax_entity_rules_draft.md,제1조(목적과 약칭),이 세칙은 「SCSC 회칙」 제41조에 따라 SCSC에 속한 “법인으로 보는 단체”(이하 “세무단체”)의 지속적인 운영에 관한 사항을 정한다.,GA subrule T — tax-entity governance,"Bylaws must authorize a tax-administration unit, reserve installation/termination/replacement to the GA, and delegate representative, filing, ledger and handover mechanics to a GA-enacted tax subrule.","Subrule must not alter reserved body, quorum, approval threshold, right or sanction fixed by bylaws.",tax classification/filing continuity,TAX
draft/subrules/C_tax_entity_rules_draft.md,제2조(명칭) ①,세무단체의 명칭은 서울대 컴퓨터 연구회 SCSC로 한다.,GA subrule T — tax-entity governance,"Bylaws must authorize a tax-administration unit, reserve installation/termination/replacement to the GA, and delegate representative, filing, ledger and handover mechanics to a GA-enacted tax subrule.","Subrule must not alter reserved body, quorum, approval threshold, right or sanction fixed by bylaws.",tax classification/filing continuity,TAX
draft/subrules/C_tax_entity_rules_draft.md,제2조(명칭) ②,세무단체의 명칭이 실제 승인서나 고유번호증에 기재된 명칭과 다르면 임원회의는 해당 문서에 맞춘 개정안을 총회에 발의한다.,GA subrule T — tax-entity governance,"Bylaws must authorize a tax-administration unit, reserve installation/termination/replacement to the GA, and delegate representative, filing, ledger and handover mechanics to a GA-enacted tax subrule.","Subrule must not alter reserved body, quorum, approval threshold, right or sanction fixed by bylaws.",tax classification/filing continuity,TAX
draft/subrules/C_tax_entity_rules_draft.md,제3조(소재지),주사무소는 서울대학교가 배정한 동아리방으로 한다. 상세 주소·공간 증빙과 변경 신고 내역은 행정대장에 기록하여 관리한다.,GA subrule T — tax-entity governance,"Bylaws must authorize a tax-administration unit, reserve installation/termination/replacement to the GA, and delegate representative, filing, ledger and handover mechanics to a GA-enacted tax subrule.","Subrule must not alter reserved body, quorum, approval threshold, right or sanction fixed by bylaws.",safe intake and external-reporting option,TAX
draft/subrules/C_tax_entity_rules_draft.md,제4조(지위와 비영리성) ①,세무단체는 SCSC의 세무·재정 관리 단위이고 별도의 회원 자치권을 갖지 않는다.,GA subrule T — tax-entity governance,"Bylaws must authorize a tax-administration unit, reserve installation/termination/replacement to the GA, and delegate representative, filing, ledger and handover mechanics to a GA-enacted tax subrule.","Subrule must not alter reserved body, quorum, approval threshold, right or sanction fixed by bylaws.",tax classification/filing continuity,TAX
draft/subrules/C_tax_entity_rules_draft.md,제4조(지위와 비영리성) ②,세무단체는 영리를 목적으로 하지 않으며 수입·재산을 구성원에게 분배하지 않는다.,GA subrule T — tax-entity governance,"Bylaws must authorize a tax-administration unit, reserve installation/termination/replacement to the GA, and delegate representative, filing, ledger and handover mechanics to a GA-enacted tax subrule.","Subrule must not alter reserved body, quorum, approval threshold, right or sanction fixed by bylaws.",tax classification/filing continuity,TAX
draft/subrules/C_tax_entity_rules_draft.md,제5조(규정의 우선) ①,SCSC 회칙이 이 세칙보다 우선한다.,GA subrule T — tax-entity governance,"Bylaws must authorize a tax-administration unit, reserve installation/termination/replacement to the GA, and delegate representative, filing, ledger and handover mechanics to a GA-enacted tax subrule.","Subrule must not alter reserved body, quorum, approval threshold, right or sanction fixed by bylaws.","ordinary operation; preserve actor, trigger, threshold, record and outcome",TAX
draft/subrules/C_tax_entity_rules_draft.md,제5조(규정의 우선) ②,이 세칙은 총회·임원회의의 권한이나 재정 승인 절차를 우회하는 근거가 될 수 없다.,GA subrule T — tax-entity governance,"Bylaws must authorize a tax-administration unit, reserve installation/termination/replacement to the GA, and delegate representative, filing, ledger and handover mechanics to a GA-enacted tax subrule.","Subrule must not alter reserved body, quorum, approval threshold, right or sanction fixed by bylaws.","ordinary operation; preserve actor, trigger, threshold, record and outcome",TAX
draft/subrules/C_tax_entity_rules_draft.md,제5조(규정의 우선) ③,행정기관의 승인 조건과 충돌할 가능성이 있으면 집행을 보류하고 충돌 여부를 확인한다.,GA subrule T — tax-entity governance,"Bylaws must authorize a tax-administration unit, reserve installation/termination/replacement to the GA, and delegate representative, filing, ledger and handover mechanics to a GA-enacted tax subrule.","Subrule must not alter reserved body, quorum, approval threshold, right or sanction fixed by bylaws.","ordinary operation; preserve actor, trigger, threshold, record and outcome",TAX
draft/subrules/C_tax_entity_rules_draft.md,제5조(규정의 우선) ④,확인 결과에 따라 이 세칙을 개정하거나 변경 신고를 한다.,GA subrule T — tax-entity governance,"Bylaws must authorize a tax-administration unit, reserve installation/termination/replacement to the GA, and delegate representative, filing, ledger and handover mechanics to a GA-enacted tax subrule.","Subrule must not alter reserved body, quorum, approval threshold, right or sanction fixed by bylaws.",safe intake and external-reporting option,TAX
draft/subrules/C_tax_entity_rules_draft.md,제6조(구성원) ①,세무단체 구성원은 원칙적으로 SCSC 회장·부회장·회계로 한다.,GA subrule T — tax-entity governance,"Bylaws must authorize a tax-administration unit, reserve installation/termination/replacement to the GA, and delegate representative, filing, ledger and handover mechanics to a GA-enacted tax subrule.","Subrule must not alter reserved body, quorum, approval threshold, right or sanction fixed by bylaws.",tax classification/filing continuity,TAX
draft/subrules/C_tax_entity_rules_draft.md,제6조(구성원) ②,임원회의는 행정상 필요한 경우 당사자의 동의를 받아 현직 임원을 세무단체 구성원으로 추가할 수 있다. 구성원 현황은 행정대장에 기록한다.,GA subrule T — tax-entity governance,"Bylaws must authorize a tax-administration unit, reserve installation/termination/replacement to the GA, and delegate representative, filing, ledger and handover mechanics to a GA-enacted tax subrule.","Subrule must not alter reserved body, quorum, approval threshold, right or sanction fixed by bylaws.",tax classification/filing continuity,TAX
draft/subrules/C_tax_entity_rules_draft.md,제6조(구성원) ③,세무단체 구성원 자격은 SCSC 회원권이나 의결권을 바꾸지 않는다.,GA subrule T — tax-entity governance,"Bylaws must authorize a tax-administration unit, reserve installation/termination/replacement to the GA, and delegate representative, filing, ledger and handover mechanics to a GA-enacted tax subrule.","Subrule must not alter reserved body, quorum, approval threshold, right or sanction fixed by bylaws.",tax classification/filing continuity,TAX
draft/subrules/C_tax_entity_rules_draft.md,제7조(대표자) ①,임원회의는 보안·세무·인계 의무에 동의한 사람 중 현직 임원이면서 세무단체 구성원인 사람을 대표자로 선출한다.,GA subrule T — tax-entity governance,"Bylaws must authorize a tax-administration unit, reserve installation/termination/replacement to the GA, and delegate representative, filing, ledger and handover mechanics to a GA-enacted tax subrule.","Subrule must not alter reserved body, quorum, approval threshold, right or sanction fixed by bylaws.",tax classification/filing continuity; handover and access revocation,TAX
draft/subrules/C_tax_entity_rules_draft.md,제7조(대표자) ②,"대표자는 승인된 범위에서 세무·은행·계약 관련 행정만 수행한다. 지출·계약을 승인할 권한은 갖지 않으며, 이해관계가 있는 사안에서는 회피한다.",GA subrule T — tax-entity governance,"Bylaws must authorize a tax-administration unit, reserve installation/termination/replacement to the GA, and delegate representative, filing, ledger and handover mechanics to a GA-enacted tax subrule.","Subrule must not alter reserved body, quorum, approval threshold, right or sanction fixed by bylaws. Conflict/independence safeguard must remain attached to the decision it constrains.",conflicted decision-maker fallback; contract authority and total-obligation review; tax classification/filing continuity,TAX
draft/subrules/C_tax_entity_rules_draft.md,제8조(임기와 변경) ①,대표자의 권한은 임원 임기와 함께 끝난다.,GA subrule T — tax-entity governance,"Bylaws must authorize a tax-administration unit, reserve installation/termination/replacement to the GA, and delegate representative, filing, ledger and handover mechanics to a GA-enacted tax subrule.","Subrule must not alter reserved body, quorum, approval threshold, right or sanction fixed by bylaws.","ordinary operation; preserve actor, trigger, threshold, record and outcome",TAX
draft/subrules/C_tax_entity_rules_draft.md,제8조(임기와 변경) ②,대표자가 사임하거나 연락이 두절되거나 자격을 상실하거나 직무가 정지되거나 직무를 수행할 수 없게 되면 임원회의는 접근 권한을 즉시 회수하고 후임자를 선출한다.,GA subrule T — tax-entity governance,"Bylaws must authorize a tax-administration unit, reserve installation/termination/replacement to the GA, and delegate representative, filing, ledger and handover mechanics to a GA-enacted tax subrule.","Subrule must not alter reserved body, quorum, approval threshold, right or sanction fixed by bylaws.",incapacity fallback,TAX
draft/subrules/C_tax_entity_rules_draft.md,제8조(임기와 변경) ③,변경 신고 전에는 기간과 범위를 제한한 임시 대리인을 둘 수 있다.,GA subrule T — tax-entity governance,"Bylaws must authorize a tax-administration unit, reserve installation/termination/replacement to the GA, and delegate representative, filing, ledger and handover mechanics to a GA-enacted tax subrule.","Subrule must not alter reserved body, quorum, approval threshold, right or sanction fixed by bylaws.",safe intake and external-reporting option,TAX
draft/subrules/C_tax_entity_rules_draft.md,제9조(직무),"대표자는 관계 기관에 대한 신청·신고, 계좌·행정문서 관리, 승인된 계약·지출의 대표 행위, 세금·원천징수·지급명세서 처리, 임원회의 보고와 인수인계를 담당한다.",GA subrule T — tax-entity governance,"Bylaws must authorize a tax-administration unit, reserve installation/termination/replacement to the GA, and delegate representative, filing, ledger and handover mechanics to a GA-enacted tax subrule.","Subrule must not alter reserved body, quorum, approval threshold, right or sanction fixed by bylaws.",safe intake and external-reporting option; contract authority and total-obligation review; handover and access revocation,TAX
draft/subrules/C_tax_entity_rules_draft.md,제10조(대리) ①,임원회의는 특정 행정 업무에 한하여 기간과 범위를 정한 대리인을 둘 수 있다.,GA subrule T — tax-entity governance,"Bylaws must authorize a tax-administration unit, reserve installation/termination/replacement to the GA, and delegate representative, filing, ledger and handover mechanics to a GA-enacted tax subrule.","Subrule must not alter reserved body, quorum, approval threshold, right or sanction fixed by bylaws.","ordinary operation; preserve actor, trigger, threshold, record and outcome",TAX
draft/subrules/C_tax_entity_rules_draft.md,제10조(대리) ②,포괄적이거나 기간을 정하지 않은 위임은 금지한다. 기관이 요구하는 위임 형식을 따라야 한다.,GA subrule T — tax-entity governance,"Bylaws must authorize a tax-administration unit, reserve installation/termination/replacement to the GA, and delegate representative, filing, ledger and handover mechanics to a GA-enacted tax subrule.","Subrule must not alter reserved body, quorum, approval threshold, right or sanction fixed by bylaws.","ordinary operation; preserve actor, trigger, threshold, record and outcome",TAX
draft/subrules/C_tax_entity_rules_draft.md,제11조(의사결정) ①,"세무단체 명의로 하는 행정은 먼저 SCSC의 권한 있는 회의체가 승인한다. 기관이 별도 확인을 요구하면 세무단체 구성원 과반수가 참여하고, 참여한 구성원의 과반수로 승인 사실을 확인한다. 이 확인으로 조건·금액·범위를 바꿀 수 없다.",GA subrule T — tax-entity governance,"Bylaws must authorize a tax-administration unit, reserve installation/termination/replacement to the GA, and delegate representative, filing, ledger and handover mechanics to a GA-enacted tax subrule.","Subrule must not alter reserved body, quorum, approval threshold, right or sanction fixed by bylaws. Threshold/denominator duplicate risk: keep one authoritative statement and test every cross-reference.",tax classification/filing continuity,TAX
draft/subrules/C_tax_entity_rules_draft.md,제11조(의사결정) ②,"임원회의는 대표자 또는 구성원의 변경, 계좌 또는 주요 접근 권한, 계약 또는 계속 의무에 관한 사항을 미리 의결한다. 세무단체의 설치·종료·교체와 그에 따른 등록·폐업은 총회가 먼저 의결한다. 명칭 또는 소재지를 변경하려면 「SCSC 회칙」 제42조에 따라 세칙 개정안을 발의하여 총회의 의결을 받아야 한다. 대표자는 총회 의결 후 필요한 신고를 한다.",GA subrule T — tax-entity governance,"Bylaws must authorize a tax-administration unit, reserve installation/termination/replacement to the GA, and delegate representative, filing, ledger and handover mechanics to a GA-enacted tax subrule.","Subrule must not alter reserved body, quorum, approval threshold, right or sanction fixed by bylaws.",safe intake and external-reporting option; contract authority and total-obligation review; tax classification/filing continuity,TAX
draft/subrules/C_tax_entity_rules_draft.md,제12조(재산) ①,세무단체 명의의 자금·물품·권리는 SCSC 공동 재산으로 관리하고 개인 재산과 분리한다.,GA subrule T — tax-entity governance,"Bylaws must authorize a tax-administration unit, reserve installation/termination/replacement to the GA, and delegate representative, filing, ledger and handover mechanics to a GA-enacted tax subrule.","Subrule must not alter reserved body, quorum, approval threshold, right or sanction fixed by bylaws.",tax classification/filing continuity,TAX
draft/subrules/C_tax_entity_rules_draft.md,제12조(재산) ②,관리 절차는 「SCSC 회칙」 제7장과 「SCSC 지원금 및 재정집행 세칙」에 따른다.,GA subrule T — tax-entity governance,"Bylaws must authorize a tax-administration unit, reserve installation/termination/replacement to the GA, and delegate representative, filing, ledger and handover mechanics to a GA-enacted tax subrule.","Subrule must not alter reserved body, quorum, approval threshold, right or sanction fixed by bylaws.","ordinary operation; preserve actor, trigger, threshold, record and outcome",TAX
draft/subrules/C_tax_entity_rules_draft.md,제13조(회계) ①,회계는 모든 거래를 SCSC 예산·승인 절차에 따라 기록하고 정기 재정 보고에 포함한다.,GA subrule T — tax-entity governance,"Bylaws must authorize a tax-administration unit, reserve installation/termination/replacement to the GA, and delegate representative, filing, ledger and handover mechanics to a GA-enacted tax subrule.","Subrule must not alter reserved body, quorum, approval threshold, right or sanction fixed by bylaws.","ordinary operation; preserve actor, trigger, threshold, record and outcome",TAX
draft/subrules/C_tax_entity_rules_draft.md,제13조(회계) ②,대표자는 거래를 단독으로 승인할 수 없다. 회계는 세금·수수료·환급금·원천징수액과 제한 재원을 별도로 기록한다.,GA subrule T — tax-entity governance,"Bylaws must authorize a tax-administration unit, reserve installation/termination/replacement to the GA, and delegate representative, filing, ledger and handover mechanics to a GA-enacted tax subrule.","Subrule must not alter reserved body, quorum, approval threshold, right or sanction fixed by bylaws.",restricted funds,TAX
draft/subrules/C_tax_entity_rules_draft.md,제14조(계약과 책임) ①,계약을 체결하는 사람은 상대방·목적·전체 부담·재원·해지·책임·갱신·개인정보·비밀유지·지식재산 조건을 확인하여 권한 있는 회의체의 승인을 받는다.,GA subrule T — tax-entity governance,"Bylaws must authorize a tax-administration unit, reserve installation/termination/replacement to the GA, and delegate representative, filing, ledger and handover mechanics to a GA-enacted tax subrule.","Subrule must not alter reserved body, quorum, approval threshold, right or sanction fixed by bylaws. Privacy/secrecy overlap: align with privacy policy without weakening purpose limitation or ballot confidentiality.",contract authority and total-obligation review,TAX
draft/subrules/C_tax_entity_rules_draft.md,제14조(계약과 책임) ②,대표자는 승인 범위를 넘을 수 없다. 차입·보증·담보 또는 대표자·구성원에게 개인 책임을 지우는 계약도 체결할 수 없다.,GA subrule T — tax-entity governance,"Bylaws must authorize a tax-administration unit, reserve installation/termination/replacement to the GA, and delegate representative, filing, ledger and handover mechanics to a GA-enacted tax subrule.","Subrule must not alter reserved body, quorum, approval threshold, right or sanction fixed by bylaws.",contract authority and total-obligation review; no debt/guarantee/collateral,TAX
draft/subrules/C_tax_entity_rules_draft.md,제15조(행정대장) ①,승인·고유번호·대표자·소재지·계좌·접근 권한·계약·세무 신고·기한은 접근이 제한된 행정대장에 기록하여 관리한다. 대표자는 접수증·납부 증빙을 기록한다.,GA subrule T — tax-entity governance,"Bylaws must authorize a tax-administration unit, reserve installation/termination/replacement to the GA, and delegate representative, filing, ledger and handover mechanics to a GA-enacted tax subrule.","Subrule must not alter reserved body, quorum, approval threshold, right or sanction fixed by bylaws.",safe intake and external-reporting option; contract authority and total-obligation review; tax classification/filing continuity,TAX
draft/subrules/C_tax_entity_rules_draft.md,제15조(행정대장) ②,열람·수정 권한은 매 학기 재검토하고 역할이 바뀌면 회수한다.,GA subrule T — tax-entity governance,"Bylaws must authorize a tax-administration unit, reserve installation/termination/replacement to the GA, and delegate representative, filing, ledger and handover mechanics to a GA-enacted tax subrule.","Subrule must not alter reserved body, quorum, approval threshold, right or sanction fixed by bylaws.",independent reconsideration,TAX
draft/subrules/C_tax_entity_rules_draft.md,제15조(행정대장) ③,중요 문서는 보호된 복구본을 둔다. 사고 대응은 「SCSC 회칙」 제5조에 따른다.,GA subrule T — tax-entity governance,"Bylaws must authorize a tax-administration unit, reserve installation/termination/replacement to the GA, and delegate representative, filing, ledger and handover mechanics to a GA-enacted tax subrule.","Subrule must not alter reserved body, quorum, approval threshold, right or sanction fixed by bylaws.",tested account recovery and backup; privacy/security incident containment and notice,TAX
draft/subrules/C_tax_entity_rules_draft.md,제16조(공개와 개인정보) ①,"세칙, 세무단체의 존재·목적·대표자 선출 방식과 정기 재정 정보는 공개한다.",GA subrule T — tax-entity governance,"Bylaws must authorize a tax-administration unit, reserve installation/termination/replacement to the GA, and delegate representative, filing, ledger and handover mechanics to a GA-enacted tax subrule.","Subrule must not alter reserved body, quorum, approval threshold, right or sanction fixed by bylaws.",tax classification/filing continuity,TAX
draft/subrules/C_tax_entity_rules_draft.md,제16조(공개와 개인정보) ②,개인 주소·연락처·서명·인감·계좌·인증 정보·신분증 및 그 사본은 공개하지 않는다. 대표자 성명도 필요한 범위에서만 공개한다.,GA subrule T — tax-entity governance,"Bylaws must authorize a tax-administration unit, reserve installation/termination/replacement to the GA, and delegate representative, filing, ledger and handover mechanics to a GA-enacted tax subrule.","Subrule must not alter reserved body, quorum, approval threshold, right or sanction fixed by bylaws.","ordinary operation; preserve actor, trigger, threshold, record and outcome",TAX
draft/subrules/C_tax_entity_rules_draft.md,제17조(신고와 정기확인) ①,"대표자가 선임·변경되면 임원회의는 신고 책임자·법정기한·제출자료를 정하고, 대표자는 신고하여 접수 결과를 행정대장에 기록한다. 명칭·소재지·조직이 바뀐 경우에도 같은 방식으로 필요한 신고를 이행한다.",GA subrule T — tax-entity governance,"Bylaws must authorize a tax-administration unit, reserve installation/termination/replacement to the GA, and delegate representative, filing, ledger and handover mechanics to a GA-enacted tax subrule.","Subrule must not alter reserved body, quorum, approval threshold, right or sanction fixed by bylaws.",safe intake and external-reporting option,TAX
draft/subrules/C_tax_entity_rules_draft.md,제17조(신고와 정기확인) ②,"회계와 대표자는 매 학기 초 고유번호 상태, 등록 정보, 계좌·접근 권한, 미결 세금·계약 및 인계 상태를 점검한다.",GA subrule T — tax-entity governance,"Bylaws must authorize a tax-administration unit, reserve installation/termination/replacement to the GA, and delegate representative, filing, ledger and handover mechanics to a GA-enacted tax subrule.","Subrule must not alter reserved body, quorum, approval threshold, right or sanction fixed by bylaws.",contract authority and total-obligation review; handover and access revocation,TAX
draft/subrules/C_tax_entity_rules_draft.md,제17조(신고와 정기확인) ③,"회계는 과세 여부, 원천징수액 및 지급명세 의무를 확인하고 필요한 금액을 계산한다. 대표자는 신고·납부·제출을 이행한다.",GA subrule T — tax-entity governance,"Bylaws must authorize a tax-administration unit, reserve installation/termination/replacement to the GA, and delegate representative, filing, ledger and handover mechanics to a GA-enacted tax subrule.","Subrule must not alter reserved body, quorum, approval threshold, right or sanction fixed by bylaws.",safe intake and external-reporting option,TAX
draft/subrules/C_tax_entity_rules_draft.md,제17조(신고와 정기확인) ④,신고 등이 반려되거나 오류가 발생하면 회계와 대표자가 함께 정정하고 그 원인·영향·결과를 보고한다.,GA subrule T — tax-entity governance,"Bylaws must authorize a tax-administration unit, reserve installation/termination/replacement to the GA, and delegate representative, filing, ledger and handover mechanics to a GA-enacted tax subrule.","Subrule must not alter reserved body, quorum, approval threshold, right or sanction fixed by bylaws.",safe intake and external-reporting option,TAX
draft/subrules/C_tax_entity_rules_draft.md,제17조(신고와 정기확인) ⑤,회계와 대표자는 새로운 기부·후원·판매·유료 행사·용역·상금·장려금·개인 지급을 시작하기 전에 과세·증빙·신고·재원 제한을 확인한다.,GA subrule T — tax-entity governance,"Bylaws must authorize a tax-administration unit, reserve installation/termination/replacement to the GA, and delegate representative, filing, ledger and handover mechanics to a GA-enacted tax subrule.","Subrule must not alter reserved body, quorum, approval threshold, right or sanction fixed by bylaws.",safe intake and external-reporting option,TAX
draft/subrules/C_tax_entity_rules_draft.md,제17조(신고와 정기확인) ⑥,판단할 수 없으면 거래를 보류하고 관할 기관이나 자격 있는 전문가에게 확인한다.,GA subrule T — tax-entity governance,"Bylaws must authorize a tax-administration unit, reserve installation/termination/replacement to the GA, and delegate representative, filing, ledger and handover mechanics to a GA-enacted tax subrule.","Subrule must not alter reserved body, quorum, approval threshold, right or sanction fixed by bylaws.","ordinary operation; preserve actor, trigger, threshold, record and outcome",TAX
draft/subrules/C_tax_entity_rules_draft.md,제18조(인수인계) ①,대표자·회계·관리자는 담당자가 바뀌면 행정문서·계좌·인증 수단·계약·미결 신고를 공동으로 확인한다.,GA subrule T — tax-entity governance,"Bylaws must authorize a tax-administration unit, reserve installation/termination/replacement to the GA, and delegate representative, filing, ledger and handover mechanics to a GA-enacted tax subrule.","Subrule must not alter reserved body, quorum, approval threshold, right or sanction fixed by bylaws.",safe intake and external-reporting option; contract authority and total-obligation review,TAX
draft/subrules/C_tax_entity_rules_draft.md,제18조(인수인계) ②,비밀번호 원문은 문서나 공개 채널에 남기지 않고 재설정·이관한다. 인계 완료일과 미결 사항을 기록한다.,GA subrule T — tax-entity governance,"Bylaws must authorize a tax-administration unit, reserve installation/termination/replacement to the GA, and delegate representative, filing, ledger and handover mechanics to a GA-enacted tax subrule.","Subrule must not alter reserved body, quorum, approval threshold, right or sanction fixed by bylaws.",handover and access revocation,TAX
draft/subrules/C_tax_entity_rules_draft.md,제19조(보존) ①,승인서·고유번호증·대표자 선임·계속 계약·자산 권리 자료는 세무단체가 존속하는 동안 보존한다.,GA subrule T — tax-entity governance,"Bylaws must authorize a tax-administration unit, reserve installation/termination/replacement to the GA, and delegate representative, filing, ledger and handover mechanics to a GA-enacted tax subrule.","Subrule must not alter reserved body, quorum, approval threshold, right or sanction fixed by bylaws.",contract authority and total-obligation review; tax classification/filing continuity; record retention and deletion,TAX
draft/subrules/C_tax_entity_rules_draft.md,제19조(보존) ②,세무·회계 자료는 법정 기간과 지원 조건에서 정한 기간을 따른다. 보존 기간이 지난 개인정보는 안전하게 폐기하고 그 사실을 기록한다.,GA subrule T — tax-entity governance,"Bylaws must authorize a tax-administration unit, reserve installation/termination/replacement to the GA, and delegate representative, filing, ledger and handover mechanics to a GA-enacted tax subrule.","Subrule must not alter reserved body, quorum, approval threshold, right or sanction fixed by bylaws. Privacy/secrecy overlap: align with privacy policy without weakening purpose limitation or ballot confidentiality.",tax classification/filing continuity; record retention and deletion,TAX
draft/subrules/C_tax_entity_rules_draft.md,제20조(관리 종료) ①,총회는 SCSC의 해산과 세무단체의 종료·교체를 구분하여 의결한다. 세무단체가 종료·교체되고 SCSC가 존속하면 채무·세금·계약을 정리하고 자금·권리·자산·기록을 SCSC 또는 총회가 승인한 후속 관리 단위에 이전한다.,GA subrule T — tax-entity governance,"Bylaws must authorize a tax-administration unit, reserve installation/termination/replacement to the GA, and delegate representative, filing, ledger and handover mechanics to a GA-enacted tax subrule.","Subrule must not alter reserved body, quorum, approval threshold, right or sanction fixed by bylaws.",contract authority and total-obligation review; dissolution and recipient fallback; tax classification/filing continuity,TAX
draft/subrules/C_tax_entity_rules_draft.md,제20조(관리 종료) ②,SCSC가 해산하면 「SCSC 회칙」 제43조에 따라 청산한다. 세무단체의 종료·교체와 SCSC의 해산 중 어느 경우에도 잔여재산을 구성원에게 분배하지 않는다.,GA subrule T — tax-entity governance,"Bylaws must authorize a tax-administration unit, reserve installation/termination/replacement to the GA, and delegate representative, filing, ledger and handover mechanics to a GA-enacted tax subrule.","Subrule must not alter reserved body, quorum, approval threshold, right or sanction fixed by bylaws.",dissolution and recipient fallback; tax classification/filing continuity,TAX
draft/subrules/C_tax_entity_rules_draft.md,제21조(개정) ①,이 세칙은 「SCSC 회칙」 제42조에 따라 개정한다.,GA subrule T — tax-entity governance,"Bylaws must authorize a tax-administration unit, reserve installation/termination/replacement to the GA, and delegate representative, filing, ledger and handover mechanics to a GA-enacted tax subrule.","Subrule must not alter reserved body, quorum, approval threshold, right or sanction fixed by bylaws.","ordinary operation; preserve actor, trigger, threshold, record and outcome",TAX
draft/subrules/C_tax_entity_rules_draft.md,제21조(개정) ②,실제 승인 내용에 영향을 주는 개정은 의결 전에 변경 신고가 필요한지 확인한다.,GA subrule T — tax-entity governance,"Bylaws must authorize a tax-administration unit, reserve installation/termination/replacement to the GA, and delegate representative, filing, ledger and handover mechanics to a GA-enacted tax subrule.","Subrule must not alter reserved body, quorum, approval threshold, right or sanction fixed by bylaws.",safe intake and external-reporting option,TAX
draft/subrules/C_tax_entity_rules_draft.md,제1조(시행일),이 세칙은 2026년 8월 15일부터 시행한다.,GA subrule T — tax-entity governance,"Bylaws must authorize a tax-administration unit, reserve installation/termination/replacement to the GA, and delegate representative, filing, ledger and handover mechanics to a GA-enacted tax subrule.","Subrule must not alter reserved body, quorum, approval threshold, right or sanction fixed by bylaws.","ordinary operation; preserve actor, trigger, threshold, record and outcome",TAX
draft/subrules/C_tax_entity_rules_draft.md,제2조(최초 대조),시행 전에 실제 승인서와 고유번호증의 기재 내용 및 대표자·소재지 현황을 이 세칙과 대조하여 불일치 사항과 정비계획을 총회에 보고한다.,GA subrule T — tax-entity governance,"Bylaws must authorize a tax-administration unit, reserve installation/termination/replacement to the GA, and delegate representative, filing, ledger and handover mechanics to a GA-enacted tax subrule.","Subrule must not alter reserved body, quorum, approval threshold, right or sanction fixed by bylaws.","ordinary operation; preserve actor, trigger, threshold, record and outcome",TAX
draft/policies/P1_membership_registration_OB_access_policy_draft.md,제1조(목적),"이 운영방침은 「SCSC 회칙」 제7조부터 제9조까지에 따라 가입·등록 확인, OB 승인 및 접근 범위에 관한 사항을 정한다.","Delegated policy M — registration, membership administration and OB access","Bylaws must define eligibility, membership/OB status and rights; delegate evidence, deadlines, correction and access administration to the executive body by published policy.","Policy must cite exact superior delegation and may not add eligibility, fees, rights limits, sanctions or spending authority.","ordinary operation; preserve actor, trigger, threshold, record and outcome",MEM
draft/policies/P1_membership_registration_OB_access_policy_draft.md,제2조(등록 공고) ①,"임원진은 신청 기간·방법, 자격 자료와 활동 의사 확인 방법을 신청 전에 공식 채널에 공고한다.","Delegated policy M — registration, membership administration and OB access","Bylaws must define eligibility, membership/OB status and rights; delegate evidence, deadlines, correction and access administration to the executive body by published policy.","Policy must cite exact superior delegation and may not add eligibility, fees, rights limits, sanctions or spending authority.","ordinary operation; preserve actor, trigger, threshold, record and outcome",MEM
draft/policies/P1_membership_registration_OB_access_policy_draft.md,제2조(등록 공고) ②,"개인정보 처리, 회비 공고, 결과 통지일과 문의 방법도 함께 공고한다.","Delegated policy M — registration, membership administration and OB access","Bylaws must define eligibility, membership/OB status and rights; delegate evidence, deadlines, correction and access administration to the executive body by published policy.","Policy must cite exact superior delegation and may not add eligibility, fees, rights limits, sanctions or spending authority. Privacy/secrecy overlap: align with privacy policy without weakening purpose limitation or ballot confidentiality.","ordinary operation; preserve actor, trigger, threshold, record and outcome",MEM
draft/policies/P1_membership_registration_OB_access_policy_draft.md,제3조(확인) ①,신청자는 회칙상 자격과 해당 학기 활동 의사를 확인하는 데 필요한 최소한의 자료를 제출한다.,"Delegated policy M — registration, membership administration and OB access","Bylaws must define eligibility, membership/OB status and rights; delegate evidence, deadlines, correction and access administration to the executive body by published policy.","Policy must cite exact superior delegation and may not add eligibility, fees, rights limits, sanctions or spending authority.","ordinary operation; preserve actor, trigger, threshold, record and outcome",MEM
draft/policies/P1_membership_registration_OB_access_policy_draft.md,제3조(확인) ②,임원진은 회칙에 없는 출석·실적 요건을 추가할 수 없다. 자료가 부족하면 보완할 항목과 기한을 알려 보완 기회를 준다.,"Delegated policy M — registration, membership administration and OB access","Bylaws must define eligibility, membership/OB status and rights; delegate evidence, deadlines, correction and access administration to the executive body by published policy.","Policy must cite exact superior delegation and may not add eligibility, fees, rights limits, sanctions or spending authority.","ordinary operation; preserve actor, trigger, threshold, record and outcome",MEM
draft/policies/P1_membership_registration_OB_access_policy_draft.md,제4조(개인정보) ①,주민등록번호·전체 학번·성적 등 불필요한 정보는 수집하지 않는다.,"Delegated policy M — registration, membership administration and OB access","Bylaws must define eligibility, membership/OB status and rights; delegate evidence, deadlines, correction and access administration to the executive body by published policy.","Policy must cite exact superior delegation and may not add eligibility, fees, rights limits, sanctions or spending authority.","ordinary operation; preserve actor, trigger, threshold, record and outcome",MEM
draft/policies/P1_membership_registration_OB_access_policy_draft.md,제4조(개인정보) ②,제출 자료의 원본은 공개하지 않고 등록 여부와 근거 유형만 기록한다. 이의 제기나 학교 행정상 보존 필요가 없으면 확인을 마친 날부터 90일 안에 원본을 삭제한다.,"Delegated policy M — registration, membership administration and OB access","Bylaws must define eligibility, membership/OB status and rights; delegate evidence, deadlines, correction and access administration to the executive body by published policy.","Policy must cite exact superior delegation and may not add eligibility, fees, rights limits, sanctions or spending authority. Deadline/retention duplicate risk: centralize or cross-reference; do not silently change on relocation.",record retention and deletion,MEM
draft/policies/P1_membership_registration_OB_access_policy_draft.md,제4조(개인정보) ③,재적회원 명부는 등록·회계·학교 행정에 필요한 임원만 열람한다.,"Delegated policy M — registration, membership administration and OB access","Bylaws must define eligibility, membership/OB status and rights; delegate evidence, deadlines, correction and access administration to the executive body by published policy.","Policy must cite exact superior delegation and may not add eligibility, fees, rights limits, sanctions or spending authority.","ordinary operation; preserve actor, trigger, threshold, record and outcome",MEM
draft/policies/P1_membership_registration_OB_access_policy_draft.md,제5조(등록 결과) ①,임원진은 등록 완료자에게 등록이 적용되는 학기와 등록일을 알린다.,"Delegated policy M — registration, membership administration and OB access","Bylaws must define eligibility, membership/OB status and rights; delegate evidence, deadlines, correction and access administration to the executive body by published policy.","Policy must cite exact superior delegation and may not add eligibility, fees, rights limits, sanctions or spending authority.","ordinary operation; preserve actor, trigger, threshold, record and outcome",MEM
draft/policies/P1_membership_registration_OB_access_policy_draft.md,제5조(등록 결과) ②,임원진은 공고된 자료와 절차를 모두 마친 신청을 받은 날부터 7일 안에 등록 완료 또는 보완·부적격 사유를 알린다. 총회·선거 공고 전에 받은 신청은 명부 확정 전까지 처리한다. 기한 안에 보완·부적격 사유를 알리지 않으면 등록이 완료된 것으로 본다.,"Delegated policy M — registration, membership administration and OB access","Bylaws must define eligibility, membership/OB status and rights; delegate evidence, deadlines, correction and access administration to the executive body by published policy.","Policy must cite exact superior delegation and may not add eligibility, fees, rights limits, sanctions or spending authority. Deadline/retention duplicate risk: centralize or cross-reference; do not silently change on relocation.","election eligibility, secrecy, verification, deadlock and challenge",MEM
draft/policies/P1_membership_registration_OB_access_policy_draft.md,제5조(등록 결과) ③,신청자는 최초 판단에 관여하지 않은 임원에게 한 차례 재확인을 요청할 수 있다. 재확인 담당자는 3일 안에 이유와 결과를 알린다. 임원회의는 재확인 담당자가 최초 판단에 참여하지 않도록 등록 업무를 나눈다.,"Delegated policy M — registration, membership administration and OB access","Bylaws must define eligibility, membership/OB status and rights; delegate evidence, deadlines, correction and access administration to the executive body by published policy.","Policy must cite exact superior delegation and may not add eligibility, fees, rights limits, sanctions or spending authority. Deadline/retention duplicate risk: centralize or cross-reference; do not silently change on relocation.","ordinary operation; preserve actor, trigger, threshold, record and outcome",MEM
draft/policies/P1_membership_registration_OB_access_policy_draft.md,제6조(OB 신청) ①,OB 신청자는 본인 식별 정보·재적 이력·신청 의사를 제출한다.,"Delegated policy M — registration, membership administration and OB access","Bylaws must define eligibility, membership/OB status and rights; delegate evidence, deadlines, correction and access administration to the executive body by published policy.","Policy must cite exact superior delegation and may not add eligibility, fees, rights limits, sanctions or spending authority.","ordinary operation; preserve actor, trigger, threshold, record and outcome",MEM
draft/policies/P1_membership_registration_OB_access_policy_draft.md,제6조(OB 신청) ②,회장은 신청을 받은 날부터 14일 안에 결과를 알리거나 필요한 보완사항과 기한을 알린다. 보완자료를 받은 날부터 14일 안에 결과를 알린다.,"Delegated policy M — registration, membership administration and OB access","Bylaws must define eligibility, membership/OB status and rights; delegate evidence, deadlines, correction and access administration to the executive body by published policy.","Policy must cite exact superior delegation and may not add eligibility, fees, rights limits, sanctions or spending authority. Deadline/retention duplicate risk: centralize or cross-reference; do not silently change on relocation.","ordinary operation; preserve actor, trigger, threshold, record and outcome",MEM
draft/policies/P1_membership_registration_OB_access_policy_draft.md,제7조(OB 접근) ①,OB는 공개 기록·OB 채널·공고된 행사에 접근할 수 있다.,"Delegated policy M — registration, membership administration and OB access","Bylaws must define eligibility, membership/OB status and rights; delegate evidence, deadlines, correction and access administration to the executive body by published policy.","Policy must cite exact superior delegation and may not add eligibility, fees, rights limits, sanctions or spending authority.","ordinary operation; preserve actor, trigger, threshold, record and outcome",MEM
draft/policies/P1_membership_registration_OB_access_policy_draft.md,제7조(OB 접근) ②,"별도 위임 없이 OB에게 비공개 개인정보, 회계 원본, 계좌·세무 자료, 서버·공식 계정, 비공개 회의 자료에 대한 접근 권한이나 본회 대표권을 부여하지 않는다.","Delegated policy M — registration, membership administration and OB access","Bylaws must define eligibility, membership/OB status and rights; delegate evidence, deadlines, correction and access administration to the executive body by published policy.","Policy must cite exact superior delegation and may not add eligibility, fees, rights limits, sanctions or spending authority. Privacy/secrecy overlap: align with privacy policy without weakening purpose limitation or ballot confidentiality.",tax classification/filing continuity,MEM
draft/policies/P1_membership_registration_OB_access_policy_draft.md,제7조(OB 접근) ③,임원회의가 OB에게 운영진 업무를 위임하려면 목적·권한·기간을 기록한다. 위임이 끝나면 접근 권한을 회수한다.,"Delegated policy M — registration, membership administration and OB access","Bylaws must define eligibility, membership/OB status and rights; delegate evidence, deadlines, correction and access administration to the executive body by published policy.","Policy must cite exact superior delegation and may not add eligibility, fees, rights limits, sanctions or spending authority.","ordinary operation; preserve actor, trigger, threshold, record and outcome",MEM
draft/policies/P1_membership_registration_OB_access_policy_draft.md,제8조(정정) ①,등록·OB 승인·접근 범위에 관한 사실 오류는 최초 결정에 관여하지 않은 임원이 확인한다. 해당 임원은 확인 결과와 근거를 통지한다.,"Delegated policy M — registration, membership administration and OB access","Bylaws must define eligibility, membership/OB status and rights; delegate evidence, deadlines, correction and access administration to the executive body by published policy.","Policy must cite exact superior delegation and may not add eligibility, fees, rights limits, sanctions or spending authority.","ordinary operation; preserve actor, trigger, threshold, record and outcome",MEM
draft/policies/P1_membership_registration_OB_access_policy_draft.md,제8조(정정) ②,해당 임원은 등록과 접근 범위를 정정할지 결정한다.,"Delegated policy M — registration, membership administration and OB access","Bylaws must define eligibility, membership/OB status and rights; delegate evidence, deadlines, correction and access administration to the executive body by published policy.","Policy must cite exact superior delegation and may not add eligibility, fees, rights limits, sanctions or spending authority.","ordinary operation; preserve actor, trigger, threshold, record and outcome",MEM
draft/policies/P1_membership_registration_OB_access_policy_draft.md,제8조(정정) ③,회장은 확인 결과에 따라 OB 승인 결과를 정정할지 결정한다.,"Delegated policy M — registration, membership administration and OB access","Bylaws must define eligibility, membership/OB status and rights; delegate evidence, deadlines, correction and access administration to the executive body by published policy.","Policy must cite exact superior delegation and may not add eligibility, fees, rights limits, sanctions or spending authority.","ordinary operation; preserve actor, trigger, threshold, record and outcome",MEM
draft/policies/P1_membership_registration_OB_access_policy_draft.md,제1조(시행일),이 운영방침은 임원회의가 정한 날부터 시행한다.,"Delegated policy M — registration, membership administration and OB access","Bylaws must define eligibility, membership/OB status and rights; delegate evidence, deadlines, correction and access administration to the executive body by published policy.","Policy must cite exact superior delegation and may not add eligibility, fees, rights limits, sanctions or spending authority.","ordinary operation; preserve actor, trigger, threshold, record and outcome",MEM
draft/policies/P2_dues_collection_policy_draft.md,제1조(목적),이 운영방침은 「SCSC 회칙」 제16조와 제30조에 따라 학기 회비의 공고·납부·환불 및 기록에 관한 사항을 정한다.,Delegated policy U — semester dues administration,"Bylaws must establish dues duty, decision-maker and refund entitlement; finance subrule should delegate semester amount, payment method, notices, records and implementation to executive policy.","Policy must cite exact superior delegation and may not add eligibility, fees, rights limits, sanctions or spending authority.",mistaken payment/pre-meeting withdrawal refund,DUES
draft/policies/P2_dues_collection_policy_draft.md,제2조(공고) ①,"임원회의는 등록 전에 회계의 의견을 받아 회비 금액·근거·기한·납부 방법을 공식 채널에 공고한다. 개강총회 예정 시각과 환불 방법, 임원 회비 처리, 주요 예산 항목과 개인정보 보존 기간도 함께 공고한다.",Delegated policy U — semester dues administration,"Bylaws must establish dues duty, decision-maker and refund entitlement; finance subrule should delegate semester amount, payment method, notices, records and implementation to executive policy.","Policy must cite exact superior delegation and may not add eligibility, fees, rights limits, sanctions or spending authority. Privacy/secrecy overlap: align with privacy policy without weakening purpose limitation or ballot confidentiality.",mistaken payment/pre-meeting withdrawal refund; record retention and deletion,DUES
draft/policies/P2_dues_collection_policy_draft.md,제2조(공고) ②,계좌·결제 링크·연락처는 학기별 공고에만 둔다.,Delegated policy U — semester dues administration,"Bylaws must establish dues duty, decision-maker and refund entitlement; finance subrule should delegate semester amount, payment method, notices, records and implementation to executive policy.","Policy must cite exact superior delegation and may not add eligibility, fees, rights limits, sanctions or spending authority.","ordinary operation; preserve actor, trigger, threshold, record and outcome",DUES
draft/policies/P2_dues_collection_policy_draft.md,제3조(결정 기준),"임원회의는 사업·예산안, 이월금·외부 지원, 공동 운영비, 지원 예상액, 등록 인원, 전 학기 결산 및 계속 의무를 고려하여 회비를 정한다.",Delegated policy U — semester dues administration,"Bylaws must establish dues duty, decision-maker and refund entitlement; finance subrule should delegate semester amount, payment method, notices, records and implementation to executive policy.","Policy must cite exact superior delegation and may not add eligibility, fees, rights limits, sanctions or spending authority.","ordinary operation; preserve actor, trigger, threshold, record and outcome",DUES
draft/policies/P2_dues_collection_policy_draft.md,제4조(납부와 확인) ①,회계는 납부자·금액·일자·학기와 환불·면제 상태를 기록한다.,Delegated policy U — semester dues administration,"Bylaws must establish dues duty, decision-maker and refund entitlement; finance subrule should delegate semester amount, payment method, notices, records and implementation to executive policy.","Policy must cite exact superior delegation and may not add eligibility, fees, rights limits, sanctions or spending authority.",mistaken payment/pre-meeting withdrawal refund,DUES
draft/policies/P2_dues_collection_policy_draft.md,제4조(납부와 확인) ②,납부자는 자신의 기록에 대한 정정을 요청할 수 있다. 회칙·세칙의 근거 없이 회비 미납만으로 회원권을 제한할 수 없다.,Delegated policy U — semester dues administration,"Bylaws must establish dues duty, decision-maker and refund entitlement; finance subrule should delegate semester amount, payment method, notices, records and implementation to executive policy.","Policy must cite exact superior delegation and may not add eligibility, fees, rights limits, sanctions or spending authority.","ordinary operation; preserve actor, trigger, threshold, record and outcome",DUES
draft/policies/P2_dues_collection_policy_draft.md,제5조(환불) ①,"오입금·중복납부는 전액 환불한다. 탈퇴와 환불을 모두 개강총회의 실제 시작 전에 신청하면 전액 환불하고, 실제 시작 후에는 환불하지 않는다.",Delegated policy U — semester dues administration,"Bylaws must establish dues duty, decision-maker and refund entitlement; finance subrule should delegate semester amount, payment method, notices, records and implementation to executive policy.","Policy must cite exact superior delegation and may not add eligibility, fees, rights limits, sanctions or spending authority.",mistaken payment/pre-meeting withdrawal refund,DUES
draft/policies/P2_dues_collection_policy_draft.md,제5조(환불) ②,공식 신청 수단으로 제출한 시각을 신청 시각으로 본다. 실제 시작 시각은 실시간 총회의 개회 선언 시각 또는 기간투표의 투표 시작 시각이다.,Delegated policy U — semester dues administration,"Bylaws must establish dues duty, decision-maker and refund entitlement; finance subrule should delegate semester amount, payment method, notices, records and implementation to executive policy.","Policy must cite exact superior delegation and may not add eligibility, fees, rights limits, sanctions or spending authority.","ordinary operation; preserve actor, trigger, threshold, record and outcome",DUES
draft/policies/P2_dues_collection_policy_draft.md,제5조(환불) ③,"회계는 신청 시각·실제 시작 시각, 근거·금액·지급일·확인자를 기록하고, 지급 후 불필요한 계좌 정보를 삭제한다.",Delegated policy U — semester dues administration,"Bylaws must establish dues duty, decision-maker and refund entitlement; finance subrule should delegate semester amount, payment method, notices, records and implementation to executive policy.","Policy must cite exact superior delegation and may not add eligibility, fees, rights limits, sanctions or spending authority.","ordinary operation; preserve actor, trigger, threshold, record and outcome",DUES
draft/policies/P2_dues_collection_policy_draft.md,제6조(임원 회비),임원 회비는 「SCSC 회칙」 제16조에 따라 처리하고 면제액·반환액·회수액의 합계를 결산에 공개한다.,Delegated policy U — semester dues administration,"Bylaws must establish dues duty, decision-maker and refund entitlement; finance subrule should delegate semester amount, payment method, notices, records and implementation to executive policy.","Policy must cite exact superior delegation and may not add eligibility, fees, rights limits, sanctions or spending authority.","ordinary operation; preserve actor, trigger, threshold, record and outcome",DUES
draft/policies/P2_dues_collection_policy_draft.md,제7조(공개와 보존) ①,회비 공고와 총 납부액·환불액·면제액은 공개한다.,Delegated policy U — semester dues administration,"Bylaws must establish dues duty, decision-maker and refund entitlement; finance subrule should delegate semester amount, payment method, notices, records and implementation to executive policy.","Policy must cite exact superior delegation and may not add eligibility, fees, rights limits, sanctions or spending authority.",mistaken payment/pre-meeting withdrawal refund,DUES
draft/policies/P2_dues_collection_policy_draft.md,제7조(공개와 보존) ②,"개인별 납부·환불 기록은 회계·점검 담당자만 열람한다. 기록과 증빙은 해당 학기 종료일부터 5년간 보존하고, 분쟁이나 법정 보존의무가 있으면 필요한 기간까지 연장한다. 보존기간이 끝나면 불필요한 개인정보를 삭제한다.",Delegated policy U — semester dues administration,"Bylaws must establish dues duty, decision-maker and refund entitlement; finance subrule should delegate semester amount, payment method, notices, records and implementation to executive policy.","Policy must cite exact superior delegation and may not add eligibility, fees, rights limits, sanctions or spending authority. Deadline/retention duplicate risk: centralize or cross-reference; do not silently change on relocation. Privacy/secrecy overlap: align with privacy policy without weakening purpose limitation or ballot confidentiality.",mistaken payment/pre-meeting withdrawal refund; record retention and deletion,DUES
draft/policies/P2_dues_collection_policy_draft.md,제1조(시행일),이 운영방침은 임원회의가 정한 날부터 시행한다.,Delegated policy U — semester dues administration,"Bylaws must establish dues duty, decision-maker and refund entitlement; finance subrule should delegate semester amount, payment method, notices, records and implementation to executive policy.","Policy must cite exact superior delegation and may not add eligibility, fees, rights limits, sanctions or spending authority.","ordinary operation; preserve actor, trigger, threshold, record and outcome",DUES
draft/policies/P3_SIG_competition_administration_policy_draft.md,제1조(목적),"이 운영방침은 「SCSC 회칙」 제34조와 「SCSC 지원금 및 재정집행 세칙」 제33조·제37조에 따라 SIG 분류, 신청 일정 및 간소심사 대회 목록에 관한 사항을 정한다.","Delegated policy A — SIG, PIG, event and competition administration","Bylaws must preserve activity rights and non-coercion; finance/activity subrules should delegate classifications, semester schedules, application tools and recurring-list administration to executive policy.","Policy must cite exact superior delegation and may not add eligibility, fees, rights limits, sanctions or spending authority.","ordinary operation; preserve actor, trigger, threshold, record and outcome",ACT
draft/policies/P3_SIG_competition_administration_policy_draft.md,제2조(학기 공고) ①,임원회의는 모집 전에 신청 기간·수단·결정일·이의 제기 방법을 공고한다.,"Delegated policy A — SIG, PIG, event and competition administration","Bylaws must preserve activity rights and non-coercion; finance/activity subrules should delegate classifications, semester schedules, application tools and recurring-list administration to executive policy.","Policy must cite exact superior delegation and may not add eligibility, fees, rights limits, sanctions or spending authority.","ordinary operation; preserve actor, trigger, threshold, record and outcome",ACT
draft/policies/P3_SIG_competition_administration_policy_draft.md,제2조(학기 공고) ②,"예산·지원 항목, 기초 SIG 일정, 정산·보고 기한도 함께 공고한다. 간소심사 대회는 공식 명칭·주최자·적용 학기와 최근 확인일을 공고한다.","Delegated policy A — SIG, PIG, event and competition administration","Bylaws must preserve activity rights and non-coercion; finance/activity subrules should delegate classifications, semester schedules, application tools and recurring-list administration to executive policy.","Policy must cite exact superior delegation and may not add eligibility, fees, rights limits, sanctions or spending authority.","ordinary operation; preserve actor, trigger, threshold, record and outcome",ACT
draft/policies/P3_SIG_competition_administration_policy_draft.md,제3조(SIG 신청과 분류) ①,"개설자는 명칭·목적·기간·SIG장·대상, 활동·프로젝트 계획, 산출물·예산과 관련 자산·계정의 인계 방법을 제출한다.","Delegated policy A — SIG, PIG, event and competition administration","Bylaws must preserve activity rights and non-coercion; finance/activity subrules should delegate classifications, semester schedules, application tools and recurring-list administration to executive policy.","Policy must cite exact superior delegation and may not add eligibility, fees, rights limits, sanctions or spending authority.",handover and access revocation,ACT
draft/policies/P3_SIG_competition_administration_policy_draft.md,제3조(SIG 신청과 분류) ②,임원회의는 명칭이 아니라 실제 목적·계획·활동과 예산 방식에 따라 「SCSC 지원금 및 재정집행 세칙」 제15조의 분류를 적용한다.,"Delegated policy A — SIG, PIG, event and competition administration","Bylaws must preserve activity rights and non-coercion; finance/activity subrules should delegate classifications, semester schedules, application tools and recurring-list administration to executive policy.","Policy must cite exact superior delegation and may not add eligibility, fees, rights limits, sanctions or spending authority.","ordinary operation; preserve actor, trigger, threshold, record and outcome",ACT
draft/policies/P3_SIG_competition_administration_policy_draft.md,제4조(결정과 이의) ①,임원회의는 이해관계자를 심의·표결에서 제외하고 분류 결과와 이유를 공고한다.,"Delegated policy A — SIG, PIG, event and competition administration","Bylaws must preserve activity rights and non-coercion; finance/activity subrules should delegate classifications, semester schedules, application tools and recurring-list administration to executive policy.","Policy must cite exact superior delegation and may not add eligibility, fees, rights limits, sanctions or spending authority. Conflict/independence safeguard must remain attached to the decision it constrains.",conflicted decision-maker fallback,ACT
draft/policies/P3_SIG_competition_administration_policy_draft.md,제4조(결정과 이의) ②,자료가 부족하면 보완 기회를 준다. 신청자는 7일 안에 사실 오류·기준 불일치·새 자료를 이유로 한 차례 재심을 요청할 수 있다. 임원회의는 최초 결정에 참여하지 않았고 이해관계가 없는 회원 두 명을 재심자로 지정하고 그 검토의견을 받아 다시 결정한다.,"Delegated policy A — SIG, PIG, event and competition administration","Bylaws must preserve activity rights and non-coercion; finance/activity subrules should delegate classifications, semester schedules, application tools and recurring-list administration to executive policy.","Policy must cite exact superior delegation and may not add eligibility, fees, rights limits, sanctions or spending authority. Threshold/denominator duplicate risk: keep one authoritative statement and test every cross-reference. Deadline/retention duplicate risk: centralize or cross-reference; do not silently change on relocation. Conflict/independence safeguard must remain attached to the decision it constrains.",conflicted decision-maker fallback,ACT
draft/policies/P3_SIG_competition_administration_policy_draft.md,제4조(결정과 이의) ③,제3조에서 정한 실제 목적·계획·활동 또는 예산 방식이 바뀌어 분류에 영향을 주면 의견을 제시할 기회를 준 뒤 재분류할 수 있다.,"Delegated policy A — SIG, PIG, event and competition administration","Bylaws must preserve activity rights and non-coercion; finance/activity subrules should delegate classifications, semester schedules, application tools and recurring-list administration to executive policy.","Policy must cite exact superior delegation and may not add eligibility, fees, rights limits, sanctions or spending authority.","ordinary operation; preserve actor, trigger, threshold, record and outcome",ACT
draft/policies/P3_SIG_competition_administration_policy_draft.md,제5조(신청 수단) ①,공식 신청 수단은 제출자와 제출 시각 및 신청·보완·결정·정산 상태를 확인할 수 있어야 한다.,"Delegated policy A — SIG, PIG, event and competition administration","Bylaws must preserve activity rights and non-coercion; finance/activity subrules should delegate classifications, semester schedules, application tools and recurring-list administration to executive policy.","Policy must cite exact superior delegation and may not add eligibility, fees, rights limits, sanctions or spending authority.","ordinary operation; preserve actor, trigger, threshold, record and outcome",ACT
draft/policies/P3_SIG_competition_administration_policy_draft.md,제5조(신청 수단) ②,공식 신청 수단은 개인정보에 대한 접근을 제한할 수 있어야 한다. 자료를 보존하거나 내보낼 수 있어야 한다.,"Delegated policy A — SIG, PIG, event and competition administration","Bylaws must preserve activity rights and non-coercion; finance/activity subrules should delegate classifications, semester schedules, application tools and recurring-list administration to executive policy.","Policy must cite exact superior delegation and may not add eligibility, fees, rights limits, sanctions or spending authority. Privacy/secrecy overlap: align with privacy policy without weakening purpose limitation or ballot confidentiality.",record retention and deletion,ACT
draft/policies/P3_SIG_competition_administration_policy_draft.md,제5조(신청 수단) ③,임원회의는 장애가 발생하면 같은 기준을 적용하는 대체 수단과 사용 기간을 즉시 공고한다.,"Delegated policy A — SIG, PIG, event and competition administration","Bylaws must preserve activity rights and non-coercion; finance/activity subrules should delegate classifications, semester schedules, application tools and recurring-list administration to executive policy.","Policy must cite exact superior delegation and may not add eligibility, fees, rights limits, sanctions or spending authority.","ordinary operation; preserve actor, trigger, threshold, record and outcome",ACT
draft/policies/P3_SIG_competition_administration_policy_draft.md,제6조(간소심사 대회) ①,임원회의는 공식 명칭·주최자·존속 여부·컴퓨터 관련성·비용·참가 구조 및 최근의 지원·정산상 문제를 확인한 대회를 학기별 목록에 둘 수 있다.,"Delegated policy A — SIG, PIG, event and competition administration","Bylaws must preserve activity rights and non-coercion; finance/activity subrules should delegate classifications, semester schedules, application tools and recurring-list administration to executive policy.","Policy must cite exact superior delegation and may not add eligibility, fees, rights limits, sanctions or spending authority.","ordinary operation; preserve actor, trigger, threshold, record and outcome",ACT
draft/policies/P3_SIG_competition_administration_policy_draft.md,제6조(간소심사 대회) ②,이 기준 중 하나라도 확인되지 않으면 일반심사한다. 간소심사에서도 예산·회원 요건·중복·실제 참가·증빙을 확인한다.,"Delegated policy A — SIG, PIG, event and competition administration","Bylaws must preserve activity rights and non-coercion; finance/activity subrules should delegate classifications, semester schedules, application tools and recurring-list administration to executive policy.","Policy must cite exact superior delegation and may not add eligibility, fees, rights limits, sanctions or spending authority.","ordinary operation; preserve actor, trigger, threshold, record and outcome",ACT
draft/policies/P3_SIG_competition_administration_policy_draft.md,제7조(기록과 적용) ①,"임원회의는 분류·이의·목록 변경의 근거, 이해관계자의 회피 여부와 적용 학기를 기록한다. 개인정보를 제외한 기록을 공개한다.","Delegated policy A — SIG, PIG, event and competition administration","Bylaws must preserve activity rights and non-coercion; finance/activity subrules should delegate classifications, semester schedules, application tools and recurring-list administration to executive policy.","Policy must cite exact superior delegation and may not add eligibility, fees, rights limits, sanctions or spending authority. Privacy/secrecy overlap: align with privacy policy without weakening purpose limitation or ballot confidentiality. Conflict/independence safeguard must remain attached to the decision it constrains.",conflicted decision-maker fallback,ACT
draft/policies/P3_SIG_competition_administration_policy_draft.md,제7조(기록과 적용) ②,신청 수단이나 일정의 변경은 이미 접수된 신청에 불리하게 적용하지 않는다.,"Delegated policy A — SIG, PIG, event and competition administration","Bylaws must preserve activity rights and non-coercion; finance/activity subrules should delegate classifications, semester schedules, application tools and recurring-list administration to executive policy.","Policy must cite exact superior delegation and may not add eligibility, fees, rights limits, sanctions or spending authority.","ordinary operation; preserve actor, trigger, threshold, record and outcome",ACT
draft/policies/P3_SIG_competition_administration_policy_draft.md,제1조(시행일),이 운영방침은 임원회의가 정한 날부터 시행한다.,"Delegated policy A — SIG, PIG, event and competition administration","Bylaws must preserve activity rights and non-coercion; finance/activity subrules should delegate classifications, semester schedules, application tools and recurring-list administration to executive policy.","Policy must cite exact superior delegation and may not add eligibility, fees, rights limits, sanctions or spending authority.","ordinary operation; preserve actor, trigger, threshold, record and outcome",ACT
draft/policies/P4_privacy_policy_draft.md,제1조(목적과 범위) ①,"이 처리방침은 「SCSC 회칙」 제5조에 따라 회원 등록, 회비·재정, 활동·행사, 의결·선거, 신고·징계, 자산·계정 및 세무 행정에서 처리하는 개인정보에 적용한다.","Delegated policy P — privacy, security and retention","Bylaws must preserve privacy/access rights, minimization, security and incident duties; delegate the processing inventory, notices, retention schedule and technical controls to executive policy.","Policy must cite exact superior delegation and may not add eligibility, fees, rights limits, sanctions or spending authority. Privacy/secrecy overlap: align with privacy policy without weakening purpose limitation or ballot confidentiality.","election eligibility, secrecy, verification, deadlock and challenge; discipline due process and proportional sanctions; safe intake and external-reporting option; tax classification/filing continuity",PRIV
draft/policies/P4_privacy_policy_draft.md,제1조(목적과 범위) ②,이 처리방침은 상위 규정에 없는 개인정보 수집 권한이나 회원의 의무를 만들 수 없다.,"Delegated policy P — privacy, security and retention","Bylaws must preserve privacy/access rights, minimization, security and incident duties; delegate the processing inventory, notices, retention schedule and technical controls to executive policy.","Policy must cite exact superior delegation and may not add eligibility, fees, rights limits, sanctions or spending authority. Privacy/secrecy overlap: align with privacy policy without weakening purpose limitation or ballot confidentiality.","ordinary operation; preserve actor, trigger, threshold, record and outcome",PRIV
draft/policies/P4_privacy_policy_draft.md,제2조(책임과 처리대장) ①,임원회의는 개인정보 보호책임자와 업무별 담당자를 지정하고 문의 방법을 공개한다.,"Delegated policy P — privacy, security and retention","Bylaws must preserve privacy/access rights, minimization, security and incident duties; delegate the processing inventory, notices, retention schedule and technical controls to executive policy.","Policy must cite exact superior delegation and may not add eligibility, fees, rights limits, sanctions or spending authority. Privacy/secrecy overlap: align with privacy policy without weakening purpose limitation or ballot confidentiality.","ordinary operation; preserve actor, trigger, threshold, record and outcome",PRIV
draft/policies/P4_privacy_policy_draft.md,제2조(책임과 처리대장) ②,"업무별 처리대장에는 목적·항목·처리 근거·필수 여부·보유기간·열람권한·보관 위치, 제3자 제공·위탁 및 국외 이전 여부를 기록한다.","Delegated policy P — privacy, security and retention","Bylaws must preserve privacy/access rights, minimization, security and incident duties; delegate the processing inventory, notices, retention schedule and technical controls to executive policy.","Policy must cite exact superior delegation and may not add eligibility, fees, rights limits, sanctions or spending authority.","ordinary operation; preserve actor, trigger, threshold, record and outcome",PRIV
draft/policies/P4_privacy_policy_draft.md,제2조(책임과 처리대장) ③,"임원회의는 처리업무별 업무명·정보주체·목적·필수·선택 항목·처리 근거·보유기간, 제3자 제공 대상·목적·항목·기간, 수탁자·위탁업무와 국외 이전 국가·시기·방법·기간을 이 처리방침의 별표로 공개한다. 개인별 신청·납부·사건 내용, 보안상 세부 위치와 인증정보는 공개하지 않는다.","Delegated policy P — privacy, security and retention","Bylaws must preserve privacy/access rights, minimization, security and incident duties; delegate the processing inventory, notices, retention schedule and technical controls to executive policy.","Policy must cite exact superior delegation and may not add eligibility, fees, rights limits, sanctions or spending authority. Privacy/secrecy overlap: align with privacy policy without weakening purpose limitation or ballot confidentiality.","ordinary operation; preserve actor, trigger, threshold, record and outcome",PRIV
draft/policies/P4_privacy_policy_draft.md,제2조(책임과 처리대장) ④,처리대장과 공개 별표는 매 학기와 처리 업무가 바뀔 때 대조하고 즉시 갱신한다.,"Delegated policy P — privacy, security and retention","Bylaws must preserve privacy/access rights, minimization, security and incident duties; delegate the processing inventory, notices, retention schedule and technical controls to executive policy.","Policy must cite exact superior delegation and may not add eligibility, fees, rights limits, sanctions or spending authority.","ordinary operation; preserve actor, trigger, threshold, record and outcome",PRIV
draft/policies/P4_privacy_policy_draft.md,제3조(수집과 이용) ①,"개인정보는 공고한 목적과 허용된 근거가 있는 범위에서만 수집·이용한다. 동의를 받는 경우에는 목적·항목·보유기간, 동의 거부권과 거부에 따른 결과를 먼저 알린다.","Delegated policy P — privacy, security and retention","Bylaws must preserve privacy/access rights, minimization, security and incident duties; delegate the processing inventory, notices, retention schedule and technical controls to executive policy.","Policy must cite exact superior delegation and may not add eligibility, fees, rights limits, sanctions or spending authority. Privacy/secrecy overlap: align with privacy policy without weakening purpose limitation or ballot confidentiality.","ordinary operation; preserve actor, trigger, threshold, record and outcome",PRIV
draft/policies/P4_privacy_policy_draft.md,제3조(수집과 이용) ②,법령상 필요한 경우를 제외하고 주민등록번호·전체 학번·신분증 사본 등 고유식별정보를 수집하지 않는다. 건강·장애·징계 등 민감한 정보는 필요한 경우에만 다른 기록과 분리하여 처리한다.,"Delegated policy P — privacy, security and retention","Bylaws must preserve privacy/access rights, minimization, security and incident duties; delegate the processing inventory, notices, retention schedule and technical controls to executive policy.","Policy must cite exact superior delegation and may not add eligibility, fees, rights limits, sanctions or spending authority.",discipline due process and proportional sanctions,PRIV
draft/policies/P4_privacy_policy_draft.md,제3조(수집과 이용) ③,새로운 목적이나 항목으로 처리하려면 처리 전에 근거와 필요성을 확인하고 처리대장과 안내를 갱신한다.,"Delegated policy P — privacy, security and retention","Bylaws must preserve privacy/access rights, minimization, security and incident duties; delegate the processing inventory, notices, retention schedule and technical controls to executive policy.","Policy must cite exact superior delegation and may not add eligibility, fees, rights limits, sanctions or spending authority.","ordinary operation; preserve actor, trigger, threshold, record and outcome",PRIV
draft/policies/P4_privacy_policy_draft.md,제4조(제공과 위탁) ①,개인정보를 제3자에게 제공하거나 외부 서비스에 처리를 맡기려면 수령자·목적·항목·기간·보호조치와 필요한 동의 또는 법적 근거를 확인한다.,"Delegated policy P — privacy, security and retention","Bylaws must preserve privacy/access rights, minimization, security and incident duties; delegate the processing inventory, notices, retention schedule and technical controls to executive policy.","Policy must cite exact superior delegation and may not add eligibility, fees, rights limits, sanctions or spending authority. Privacy/secrecy overlap: align with privacy policy without weakening purpose limitation or ballot confidentiality.","interim protection, review and expiry",PRIV
draft/policies/P4_privacy_policy_draft.md,제4조(제공과 위탁) ②,위탁 서비스와 국외 이전이 있으면 처리대장과 공개 안내에 반영한다. 계약이나 서비스 설정으로 접근·재이용·보존·삭제 범위를 제한한다.,"Delegated policy P — privacy, security and retention","Bylaws must preserve privacy/access rights, minimization, security and incident duties; delegate the processing inventory, notices, retention schedule and technical controls to executive policy.","Policy must cite exact superior delegation and may not add eligibility, fees, rights limits, sanctions or spending authority.",contract authority and total-obligation review; record retention and deletion,PRIV
draft/policies/P4_privacy_policy_draft.md,제4조(제공과 위탁) ③,학교·세무·수사 등 관계 기관에 자료를 제출할 때에는 요구 권한과 범위를 확인하고 제출 내역을 기록한다.,"Delegated policy P — privacy, security and retention","Bylaws must preserve privacy/access rights, minimization, security and incident duties; delegate the processing inventory, notices, retention schedule and technical controls to executive policy.","Policy must cite exact superior delegation and may not add eligibility, fees, rights limits, sanctions or spending authority.",tax classification/filing continuity,PRIV
draft/policies/P4_privacy_policy_draft.md,제5조(접근과 안전조치) ①,접근 권한은 업무에 필요한 사람에게만 부여하고 매 학기와 역할 변경 시 재검토·회수한다.,"Delegated policy P — privacy, security and retention","Bylaws must preserve privacy/access rights, minimization, security and incident duties; delegate the processing inventory, notices, retention schedule and technical controls to executive policy.","Policy must cite exact superior delegation and may not add eligibility, fees, rights limits, sanctions or spending authority.",independent reconsideration,PRIV
draft/policies/P4_privacy_policy_draft.md,제5조(접근과 안전조치) ②,"개인정보는 인증정보와 분리하여 보호하고, 가능한 경우 변경·열람·반출·삭제 기록과 복구본을 둔다. 비밀번호·복구코드·인증키 원문은 처리대장이나 공개 기록에 남기지 않는다.","Delegated policy P — privacy, security and retention","Bylaws must preserve privacy/access rights, minimization, security and incident duties; delegate the processing inventory, notices, retention schedule and technical controls to executive policy.","Policy must cite exact superior delegation and may not add eligibility, fees, rights limits, sanctions or spending authority. Privacy/secrecy overlap: align with privacy policy without weakening purpose limitation or ballot confidentiality.",tested account recovery and backup,PRIV
draft/policies/P4_privacy_policy_draft.md,제5조(접근과 안전조치) ③,공개 자료에는 개인을 식별할 필요가 없는 정보와 제3자 정보를 가린다.,"Delegated policy P — privacy, security and retention","Bylaws must preserve privacy/access rights, minimization, security and incident duties; delegate the processing inventory, notices, retention schedule and technical controls to executive policy.","Policy must cite exact superior delegation and may not add eligibility, fees, rights limits, sanctions or spending authority.","ordinary operation; preserve actor, trigger, threshold, record and outcome",PRIV
draft/policies/P4_privacy_policy_draft.md,제6조(보존과 파기) ①,"상위 규정이나 법령이 정한 기간이 있으면 그 기간을 따르고, 그 밖의 개인정보는 목적이 끝나거나 보유 근거가 없어지면 지체 없이 파기한다.","Delegated policy P — privacy, security and retention","Bylaws must preserve privacy/access rights, minimization, security and incident duties; delegate the processing inventory, notices, retention schedule and technical controls to executive policy.","Policy must cite exact superior delegation and may not add eligibility, fees, rights limits, sanctions or spending authority. Privacy/secrecy overlap: align with privacy policy without weakening purpose limitation or ballot confidentiality.","ordinary operation; preserve actor, trigger, threshold, record and outcome",PRIV
draft/policies/P4_privacy_policy_draft.md,제6조(보존과 파기) ②,다른 법령에 따라 더 보존해야 하는 자료는 다른 개인정보와 분리하여 관리한다.,"Delegated policy P — privacy, security and retention","Bylaws must preserve privacy/access rights, minimization, security and incident duties; delegate the processing inventory, notices, retention schedule and technical controls to executive policy.","Policy must cite exact superior delegation and may not add eligibility, fees, rights limits, sanctions or spending authority. Privacy/secrecy overlap: align with privacy policy without weakening purpose limitation or ballot confidentiality.",record retention and deletion,PRIV
draft/policies/P4_privacy_policy_draft.md,제6조(보존과 파기) ③,영구 보존 기록에는 최종 의결문·비식별 집계와 필요한 최소 권한 이력만 남긴다. 파기 일자·대상·방법은 처리대장에 기록한다.,"Delegated policy P — privacy, security and retention","Bylaws must preserve privacy/access rights, minimization, security and incident duties; delegate the processing inventory, notices, retention schedule and technical controls to executive policy.","Policy must cite exact superior delegation and may not add eligibility, fees, rights limits, sanctions or spending authority.",record retention and deletion,PRIV
draft/policies/P4_privacy_policy_draft.md,제7조(정보주체의 권리) ①,정보주체는 자신의 개인정보에 대한 열람·정정·삭제·처리정지를 요청할 수 있다. 담당자는 10일 안에 처리하거나 처리 예정일을 알린다.,"Delegated policy P — privacy, security and retention","Bylaws must preserve privacy/access rights, minimization, security and incident duties; delegate the processing inventory, notices, retention schedule and technical controls to executive policy.","Policy must cite exact superior delegation and may not add eligibility, fees, rights limits, sanctions or spending authority. Privacy/secrecy overlap: align with privacy policy without weakening purpose limitation or ballot confidentiality.","ordinary operation; preserve actor, trigger, threshold, record and outcome",PRIV
draft/policies/P4_privacy_policy_draft.md,제7조(정보주체의 권리) ②,"전부 또는 일부를 처리하지 않으면 구체적인 근거·범위와 이의 방법을 알린다. 이의는 최초 판단에 관여하지 않은 임원이 확인하며, 임원회의는 재확인 담당자가 최초 판단에 참여하지 않도록 업무를 나눈다.","Delegated policy P — privacy, security and retention","Bylaws must preserve privacy/access rights, minimization, security and incident duties; delegate the processing inventory, notices, retention schedule and technical controls to executive policy.","Policy must cite exact superior delegation and may not add eligibility, fees, rights limits, sanctions or spending authority.","ordinary operation; preserve actor, trigger, threshold, record and outcome",PRIV
draft/policies/P4_privacy_policy_draft.md,제7조(정보주체의 권리) ③,"법령상 보존의무, 다른 사람의 권리 또는 진행 중인 분쟁 때문에 요청을 바로 처리할 수 없으면 해당 정보의 이용과 접근을 필요한 범위에서 제한한다.","Delegated policy P — privacy, security and retention","Bylaws must preserve privacy/access rights, minimization, security and incident duties; delegate the processing inventory, notices, retention schedule and technical controls to executive policy.","Policy must cite exact superior delegation and may not add eligibility, fees, rights limits, sanctions or spending authority.",record retention and deletion,PRIV
draft/policies/P4_privacy_policy_draft.md,제8조(사고 대응),"개인정보의 분실·유출·무단 접근이 의심되면 「SCSC 회칙」 제5조제5항에 따라 접근 차단, 영향 확인, 통지·신고, 복구와 재발 방지 조치를 한다.","Delegated policy P — privacy, security and retention","Bylaws must preserve privacy/access rights, minimization, security and incident duties; delegate the processing inventory, notices, retention schedule and technical controls to executive policy.","Policy must cite exact superior delegation and may not add eligibility, fees, rights limits, sanctions or spending authority. Privacy/secrecy overlap: align with privacy policy without weakening purpose limitation or ballot confidentiality.",safe intake and external-reporting option; tested account recovery and backup,PRIV
draft/policies/P4_privacy_policy_draft.md,제9조(개정),임원회의는 변경 내용·이유·시행일을 시행 전에 공개한다. 수집 목적·항목·보유기간 또는 제3자 제공을 정보주체에게 불리하게 바꾸는 경우에는 이미 수집한 정보에 소급하여 적용하지 않는다.,"Delegated policy P — privacy, security and retention","Bylaws must preserve privacy/access rights, minimization, security and incident duties; delegate the processing inventory, notices, retention schedule and technical controls to executive policy.","Policy must cite exact superior delegation and may not add eligibility, fees, rights limits, sanctions or spending authority.","ordinary operation; preserve actor, trigger, threshold, record and outcome",PRIV
draft/policies/P4_privacy_policy_draft.md,제1조(시행일),이 처리방침은 임원회의가 정한 날부터 시행한다.,"Delegated policy P — privacy, security and retention","Bylaws must preserve privacy/access rights, minimization, security and incident duties; delegate the processing inventory, notices, retention schedule and technical controls to executive policy.","Policy must cite exact superior delegation and may not add eligibility, fees, rights limits, sanctions or spending authority.","ordinary operation; preserve actor, trigger, threshold, record and outcome",PRIV
draft/forms/TF_installation_notice_template.md,기본사항,- TF 명칭: - 설치 의결 또는 공고일: - 목적: - 시작일: - 종료조건 또는 종료일:,Form/register/notice/administrative record,The cited superior rule must independently create every duty/approval. Form expressly remains non-authoritative and records an instance only.,Do not let a checklist field become the sole source of a duty or authority.,"ordinary operation; preserve actor, trigger, threshold, record and outcome",FORM
draft/forms/TF_installation_notice_template.md,TF 운영진,- 회장 또는 회장 대리인: - 회계 또는 회계 대리인: - 그 밖의 TF 운영진: - 대리인의 권한 범위와 종료일:,Form/register/notice/administrative record,The cited superior rule must independently create every duty/approval. Form expressly remains non-authoritative and records an instance only.,Do not let a checklist field become the sole source of a duty or authority.,"ordinary operation; preserve actor, trigger, threshold, record and outcome",FORM
draft/forms/TF_installation_notice_template.md,의결범위,- 독자 의결이 가능한 사항: - 임원회의에 넘겨야 할 사항: - 금지사항:,Form/register/notice/administrative record,The cited superior rule must independently create every duty/approval. Form expressly remains non-authoritative and records an instance only.,Do not let a checklist field become the sole source of a duty or authority.,"ordinary operation; preserve actor, trigger, threshold, record and outcome",FORM
draft/forms/TF_installation_notice_template.md,예산,- 예산 총액: - 허용 지출: - 금지 지출: - 지출 확인·기록 담당자:,Form/register/notice/administrative record,The cited superior rule must independently create every duty/approval. Form expressly remains non-authoritative and records an instance only.,Do not let a checklist field become the sole source of a duty or authority.,"ordinary operation; preserve actor, trigger, threshold, record and outcome",FORM
draft/forms/TF_installation_notice_template.md,의무와 인계,- 안전 위험 여부: - 안전 책임자(안전 위험이 있는 경우): - 안전 조치·사고 대응 절차(안전 위험이 있는 경우): - 활동 의무: - 기록·보고 의무: - 물품·자료·계정 인계 대상: - 최종보고 기한:,Form/register/notice/administrative record,The cited superior rule must independently create every duty/approval. Form expressly remains non-authoritative and records an instance only.,Do not let a checklist field become the sole source of a duty or authority.,privacy/security incident containment and notice; handover and access revocation,FORM
draft/forms/operations_control_record_templates.md,1. 학기 사업계획·결과보고,### 사업계획 - 학기: - 공개일: - 작성·확인자: - 주요 사업: - 사업별 담당자: - 예상 일정: - 연결된 승인 예산 항목: - 외부기관 마감·보고·계약 의무: - 총회 의결이 별도로 필요한 사항과 의결 근거: ### 결과보고 - 공개일: - 완료 사업과 산출물: - 변경·취소 사항과 사유: - 실제 사용 예산: - 미완료 업무: - 후임자·인계 대상과 완료일: 근거: 「SCSC 회칙」 제12조제2항,Form/register/notice/administrative record,The cited superior rule must independently create every duty/approval. Form expressly remains non-authoritative and records an instance only.,Do not let a checklist field become the sole source of a duty or authority.,contract authority and total-obligation review; handover and access revocation,FORM
draft/forms/operations_control_record_templates.md,2. 이해충돌·회피·총회 회부 기록,"- 안건: - 공개된 이해관계: - 회피·제척 대상: - 이해관계 없는 재적 임원 수: - 임원회의 결정 가능 여부: - 총회 회부일과 근거: - 긴급 임시조치가 있으면 범위·사유·종료 또는 추인일: 근거: 「SCSC 회칙」 제21조, 「SCSC 의사결정 세칙」 제3조·제5조",Form/register/notice/administrative record,The cited superior rule must independently create every duty/approval. Form expressly remains non-authoritative and records an instance only.,Do not let a checklist field become the sole source of a duty or authority. Conflict/independence safeguard must remain attached to the decision it constrains.,"conflicted decision-maker fallback; emergency action, notice, ratification and unwind",FORM
draft/forms/operations_control_record_templates.md,3. 회장 선거관리·검증 기록,"- 선거일·투표기간: - 선거관리자: - 검증자: - 후보자·직접 이해관계 없음 확인: - 의결권자 명부 확정시각·인원: - 본인 확인·중복 방지 방법: - 자격정보와 선택정보의 분리 방법: - 재석·후보별 득표·반대·기권·무효 수: - 총회 성립 여부와 적용 기준: - 이의 및 처리 결과: - 특별이의 자료·접수일·결과 영향 검토: - 재검표·일부 재투표·선거무효 총회 결정: - 선거관리자 확인: - 검증자 독립 확인: - 선거관리자·검증자 직무불능·교체일·후임자: - 공동 당선 확정시각 또는 불합의 의견·총회 조치: 근거: 「SCSC 회칙」 제24조·제25조, 「SCSC 의사결정 세칙」 제7조·제9조",Form/register/notice/administrative record,The cited superior rule must independently create every duty/approval. Form expressly remains non-authoritative and records an instance only.,Do not let a checklist field become the sole source of a duty or authority. Conflict/independence safeguard must remain attached to the decision it constrains.,"conflicted decision-maker fallback; election eligibility, secrecy, verification, deadlock and challenge",FORM
draft/forms/operations_control_record_templates.md,4. 신고·보호조치·심사 기록,"이 부분은 접근을 제한하고 사건 종료 때 보존 근거·재검토일·폐기예정일을 정한다. - 접수번호·접수일: - 접수자와 적용한 접수 경로: - 대체 접수자 명단·순위·직무수행 가능 여부: - 임시 접수자 선정만 요청한 경우 요청일·총회·선임결과: - 신고자의 요청사항: - 주장된 사실과 제출자료 목록: - 즉시 보호·증거보전 필요성: - 7일 이내 결정: 심사개시 / 각하 / 학교·관계기관 이관 - 결정 이유와 통지일: - 이해관계 확인·회피 내역: - 심사자 후보 추천·임원회의 또는 총회 선임: - 심사보고서 기한·제출일·연장사유: - 결정기구 회부일: - 최종 결정기한·연장사유·결과: - 대상자 통지·자료제공·소명기한: - 외부 절차 존재 여부와 내부 조치 범위: - 최종 결정·기간·재검토 방법: - 재검토 요청일·결정기한·결과: - 기록 접근권한·재검토일·폐기예정일: 근거: 「SCSC 회칙」 제38조·제39조, 「SCSC 의사결정 세칙」 제14조제3항",Form/register/notice/administrative record,The cited superior rule must independently create every duty/approval. Form expressly remains non-authoritative and records an instance only.,Do not let a checklist field become the sole source of a duty or authority. Deadline/retention duplicate risk: centralize or cross-reference; do not silently change on relocation. Conflict/independence safeguard must remain attached to the decision it constrains.,conflicted decision-maker fallback; safe intake and external-reporting option; independent reconsideration; record retention and deletion,FORM
draft/forms/operations_control_record_templates.md,5. 학기말 독립 재정점검,"- 학기: - 점검자: - 회계와 직접 이해관계 없음 확인: - 해당 학기 지급·장부 작성 비관여 확인: - 점검기간과 확인자료 범위: - 계좌잔액과 장부 대사: - 월별 대사기록: - 표본 증빙: - 고액·이해관계자 지급: - 미정산·미지급·채무: - 제한재원 잔액·기한·반환조건: - 물품·프로젝트·계정·구독 대장: - 확인할 수 없는 자료: - 보완사항과 완료기한: - 의견: 적정 / 보완 후 적정 / 확인 불가 - 결산 승인 예정일·점검의견 공개일: 근거: 「SCSC 회칙」 제32조제2항, 「SCSC 지원금 및 재정집행 세칙」 제10조제3항·제13조",Form/register/notice/administrative record,The cited superior rule must independently create every duty/approval. Form expressly remains non-authoritative and records an instance only.,Do not let a checklist field become the sole source of a duty or authority. Conflict/independence safeguard must remain attached to the decision it constrains.,conflicted decision-maker fallback,FORM
draft/forms/operations_control_record_templates.md,6. 수입·계약·기부·후원 기록,"### 임시 수납 - 수입 종류·금액·제한조건: - 공식 수납수단을 사용할 수 없는 사유: - 수납 목적·방법·최대금액·7일 이내 기간: - 회계와 이해관계 없는 임원 또는 대체 승인자: - 기간 연장 임원회의 의결: - 금액 확인자 2명: - 영수증 번호: - 본회 관리계좌 이전일: - 총수입·지출 분리기록 확인: ### 계약·약관·후원 승인 - 상대방: - 목적: - 전체 기간·최대 부담액·재원: - 자동갱신·해지·환불: - 손해배상·책임: - 개인정보·비밀유지: - 지식재산·라이선스: - 회원 자치·선거·징계 독립성 영향: - 특정인 사익 또는 사실과 다른 공식 표명 요구 여부: - 제한재원 목적·기한·반환조건: - 임원회의 의결: - 집행권한자와 권한범위: - 계약 종료·갱신 검토일: ### 선급금·고액조달·세무분류 - 선급금·가지급금이 필요한 사유: - 수령인·목적·최대금액: - 사용기한·정산기한: - 증빙·미사용액 반환일: - 기존 선급금·가지급금 미정산 여부: - 회계 단독 승인 한도 초과 여부: - 가격근거 2개 이상 또는 비교할 수 없는 사유: - 새로운 수입·지급 유형: - 과세·부가가치세·원천징수·지급명세 판단: - 영수증·세금계산서·신고기한: - 관할기관·전문가 확인이 필요하면 확인 결과: 근거: 「SCSC 회칙」 제30조제3항·제31조제3항 및 제4항, 「SCSC 지원금 및 재정집행 세칙」 제8조제3항·제4항·제10조제3항부터 제6항까지, 「법인으로 보는 단체 SCSC 운영 세칙」 제17조제3항·제5항·제6항",Form/register/notice/administrative record,The cited superior rule must independently create every duty/approval. Form expressly remains non-authoritative and records an instance only.,Do not let a checklist field become the sole source of a duty or authority. Deadline/retention duplicate risk: centralize or cross-reference; do not silently change on relocation. Privacy/secrecy overlap: align with privacy policy without weakening purpose limitation or ballot confidentiality. Conflict/independence safeguard must remain attached to the decision it constrains.,"conflicted decision-maker fallback; election eligibility, secrecy, verification, deadlock and challenge; discipline due process and proportional sanctions; safe intake and external-reporting option; mistaken payment/pre-meeting withdrawal refund; contract authority and total-obligation review; tax classification/filing continuity",FORM
draft/forms/operations_control_record_templates.md,7. 자산·프로젝트·계정·구독 대장,"- 자산번호·종류·명칭: - 취득 재원·일자·금액·외부조건: - 보관 장소·관리자·현재 상태: - 프로젝트 참여자·저장소·도메인·배포 위치: - 제3자 라이선스: - 소유권·이용허락 합의 위치: - 계정 명의자·관리자·조직 복구수단 존재 여부: - 백업 위치와 최근 복구확인일: - 결제수단 관리 여부·갱신일·자동갱신 상태: - 반환·이전·처분 의결과 완료일: - 종료 시 최종 산출물 보존: - 개인정보·비밀정보 삭제: - 접근권한·결제수단 회수: - 도메인·저장소·배포서비스 폐쇄·이전 상태: - 미해결 위험과 담당자: 근거: 「SCSC 회칙」 제33조, 「SCSC 지원금 및 재정집행 세칙」 제36조",Form/register/notice/administrative record,The cited superior rule must independently create every duty/approval. Form expressly remains non-authoritative and records an instance only.,Do not let a checklist field become the sole source of a duty or authority. Privacy/secrecy overlap: align with privacy policy without weakening purpose limitation or ballot confidentiality.,tested account recovery and backup; record retention and deletion,FORM
draft/forms/operations_control_record_templates.md,8. 숙박·단체이동·고위험 행사 안전계획,"건강·비상연락 정보는 자발적으로 필요한 최소 범위만 수집하고 공개 행사문서와 분리한다. - 행사명·목적: - 책임자와 현장 대리자: - 장소·일정·숙박: - 이동수단·운전자·집결 및 귀가 확인: - 참가자 확인방법: - 비상연락수단: - 대피·의료 대응과 인근 의료기관: - 접근성·대체 참여 요청과 조치: - 학교 신고·승인 필요성: - 보험 필요성과 확인 결과: - 기상·교통·인원 부족 등 취소·중단 기준: - 참가자 사전 안내: - 임원회의 승인 참가자·찬반: - 행사 책임자·작성자 표결 회피 확인: - 사고·변경사항과 사후보고: - 건강·비상연락 정보 삭제일: 근거: 「SCSC 회칙」 제35조제2항, 「SCSC 의사결정 세칙」 제5조제3항·제4항",Form/register/notice/administrative record,The cited superior rule must independently create every duty/approval. Form expressly remains non-authoritative and records an instance only.,Do not let a checklist field become the sole source of a duty or authority. Conflict/independence safeguard must remain attached to the decision it constrains.,safe intake and external-reporting option; privacy/security incident containment and notice; high-risk event safety/insurance/school checks,FORM
draft/forms/operations_control_record_templates.md,9. 개인정보·인증정보 사고 기록,"보안상 공격에 이용될 수 있는 상세한 비밀정보는 기록하지 않는다. - 발견일시·발견자: - 영향받은 정보·계정·사람의 범위: - 접근차단·권한회수 시각: - 보전한 로그·증거의 위치와 접근권한: - 피해 최소화 조치: - 정보주체 통지 필요성·통지일: - 관계기관 신고 필요성·신고일·접수번호: - 복구·무결성 확인: - 원인과 재발방지 조치: - 미해결 위험·담당자·재검토일: - 사건 종결일과 기록 폐기예정일: 근거: 「SCSC 회칙」 제5조제5항, 「SCSC 개인정보 처리방침」 제8조, 개인정보 보호법 제29조·제34조",Form/register/notice/administrative record,The cited superior rule must independently create every duty/approval. Form expressly remains non-authoritative and records an instance only.,Do not let a checklist field become the sole source of a duty or authority. Privacy/secrecy overlap: align with privacy policy without weakening purpose limitation or ballot confidentiality.,safe intake and external-reporting option; independent reconsideration; tested account recovery and backup,FORM
draft/forms/operations_control_record_templates.md,10. 예비 공식 채널 활성화 기록,- 주 공식 채널: - 예비 공식 채널: - 장애 발견시각·확인자: - 장애 원인과 영향범위: - 회장·관리자 또는 적용한 대체 활성화 주체: - 재적회원 공동활성화를 사용한 경우 동의자 수: - 7일 이내 추인 결과: - 예비 채널 활성화시각: - 회원·의결권자 통지방법: - 장애 중 공고·토론·표결 목록: - 주 채널 복구시각: - 기록 동기화 완료일: - 공고기간·정족수·의결기준 유지 확인: 근거: 「SCSC 의사결정 세칙」 제2조제2항부터 제7항까지,Form/register/notice/administrative record,The cited superior rule must independently create every duty/approval. Form expressly remains non-authoritative and records an instance only.,Do not let a checklist field become the sole source of a duty or authority. Deadline/retention duplicate risk: centralize or cross-reference; do not silently change on relocation.,official-channel outage/account compromise; tested account recovery and backup,FORM
draft/forms/operations_control_record_templates.md,11. 해산·청산 최종보고,"- 해산 의결일·해산일: - 청산담당자·기간: - 이해관계 공개·회피와 대체자 선임: - 자산·계정·계약·채권·채무·제한재원 목록: - 회수한 채권: - 지급한 채무·세금·청산비용: - 종료한 계약·계정·구독: - 처분·이전한 물품·프로젝트·권리: - 보존·이전·삭제한 개인정보와 기록: - 관계기관 신고·접수증: - 제한재산 조건과 처리: - 잔여재산 수령단체·선정근거·수령확인: - 최종 수입·지출과 잔액: - 미해결 사항: - 최종보고 공개일·보존위치: 근거: 「SCSC 회칙」 제43조, 「법인으로 보는 단체 SCSC 운영 세칙」 제20조",Form/register/notice/administrative record,The cited superior rule must independently create every duty/approval. Form expressly remains non-authoritative and records an instance only.,Do not let a checklist field become the sole source of a duty or authority. Privacy/secrecy overlap: align with privacy policy without weakening purpose limitation or ballot confidentiality. Conflict/independence safeguard must remain attached to the decision it constrains.,conflicted decision-maker fallback; safe intake and external-reporting option; contract authority and total-obligation review; dissolution and recipient fallback; record retention and deletion,FORM
draft/forms/operations_control_record_templates.md,12. 개인정보 처리업무 대장,"이 부분에는 개인별 신청·납부·사건 내용이나 인증정보 원문을 적지 않는다. - 처리업무명·목적: - 정보주체와 수집 경로: - 필수·선택 항목: - 처리 근거와 동의 안내 위치: - 담당자·보호책임자·문의 방법: - 보관 위치와 열람·수정 권한: - 제3자 제공 대상·목적·항목·기간: - 위탁 서비스·업무·국외 이전 여부: - 보유기간과 산정 근거: - 파기 대상·방법·완료일: - 열람·정정·삭제·처리정지 요청과 결과: - 최근 검토일·다음 검토일: 근거: 「SCSC 회칙」 제5조, 「SCSC 개인정보 처리방침」 제2조",Form/register/notice/administrative record,The cited superior rule must independently create every duty/approval. Form expressly remains non-authoritative and records an instance only.,Do not let a checklist field become the sole source of a duty or authority. Privacy/secrecy overlap: align with privacy policy without weakening purpose limitation or ballot confidentiality.,"ordinary operation; preserve actor, trigger, threshold, record and outcome",FORM
